phi,theta,est_phi,est_theta,pred_err
4.549988,4.549988,-2.0305939,-3.2342987,10.189528
4.549988,4.549988,-2.1832428,-3.6456757,10.603075
4.549988,4.549988,-2.7305908,-4.746765,11.803383
3.8300018,3.8300018,-3.1810608,-5.1894684,11.419166
3.8300018,3.8300018,-2.9181519,-4.321106,10.578287
2.930008,2.930008,-2.4311066,-3.3265686,8.237545
2.930008,2.930008,-1.3022919,-1.5885773,6.190172
2.930008,2.930008,-0.23706055,-0.38987732,4.587359
2.2900085,2.2900085,0.84991455,0.8559723,2.0319176
1.3800049,1.3800049,1.5803986,1.3449707,0.20367177
1.3800049,1.3800049,2.319107,2.008606,1.1296921
1.1100006,1.1100006,2.696869,2.1116028,1.875967
1.1100006,1.1100006,3.3504028,3.000702,2.930377
0.6599884,0.6599884,3.7102966,3.3025513,4.0341997
-0.039993286,-0.039993286,4.775818,4.871048,6.874207
-0.039993286,-0.039993286,5.5335693,5.7276306,8.014177
0.2400055,0.2400055,8.949844,11.608658,14.28437
0.2400055,0.2400055,11.811264,15.1358185,18.777437
0.6399994,0.6399994,14.434326,17.485443,21.630201
0.6399994,0.6399994,15.862198,17.473022,22.528578
1.5299988,1.5299988,16.291138,16.286331,20.715246
2.4400024,2.4400024,15.737076,14.315308,17.703228
2.4400024,2.4400024,14.4453125,12.141144,15.347775
2.4400024,2.4400024,12.804886,10.183853,12.881326
4.149994,4.149994,11.007355,8.465332,8.06565
4.149994,4.149994,9.481201,7.707382,6.3846946
4.980011,4.980011,8.306976,7.3637085,4.076886
4.980011,4.980011,7.520233,7.1981964,3.3614428
6.6599884,6.6599884,7.0786896,7.1727905,0.6602717
6.6599884,6.6599884,6.6066895,6.6467285,0.055952907
8.929993,8.929993,5.7404633,4.9487,5.0863857
8.929993,8.929993,5.0886383,3.968216,6.259338
10.389999,10.389999,4.725586,3.613037,8.803259
10.389999,10.389999,4.1858826,2.9104767,9.688216
10.389999,10.389999,3.8659058,2.5165558,10.195473
10.389999,10.389999,3.2217865,1.4970093,11.393487
8.389999,8.389999,2.8275604,1.176239,9.095177
8.389999,8.389999,2.711792,1.3167267,9.055425
7.75,7.75,2.4031525,0.8474121,8.720014
7.75,7.75,1.7114563,-0.3327484,10.078741
7.7299957,7.7299957,1.2090149,-0.8267822,10.747445
7.7299957,7.7299957,0.8070221,-1.2423096,11.321554
8.780014,8.780014,0.6602783,-0.9462433,12.651547
8.780014,8.780014,0.5539093,-0.86976624,12.661086
9.050003,9.050003,0.21295166,-1.5186157,13.756028
9.050003,9.050003,0.05508423,-1.6865234,13.986017
10.779999,10.779999,0.2583313,-1.2969055,15.980685
10.779999,10.779999,0.65345764,-0.7225952,15.2877655
9.4900055,9.4900055,1.4541931,0.5609436,11.986384
9.4900055,9.4900055,2.2951965,1.598938,10.652109
6.7400055,6.7400055,3.5666962,3.3921509,4.603939
6.7400055,6.7400055,5.1990204,5.384369,2.045836
0.9799957,0.9799957,6.445862,6.3878174,7.6794844
0.9799957,0.9799957,7.1762238,6.594208,8.349484
-4.2700043,-4.2700043,8.561951,8.371857,17.988686
-4.2700043,-4.2700043,9.501846,9.1714325,19.212305
-7.380005,-7.380005,10.327026,9.959564,24.731297
-7.380005,-7.380005,10.635147,9.878937,24.895727
-10.110001,-10.110001,11.6604,11.469635,30.560303
-10.110001,-10.110001,12.248047,12.151993,31.448256
-22.190002,-22.190002,13.881027,14.771027,51.141613
-22.190002,-22.190002,15.048294,15.866119,52.71181
-27.930008,-27.930008,16.437088,17.458817,62.484882
-27.930008,-27.930008,17.172684,17.555984,63.044956
-30.930008,-30.930008,17.162231,16.745743,66.386826
-30.930008,-30.930008,16.558151,15.376404,65.00044
-30.90001,-30.90001,14.24881,11.383423,60.53437
-30.90001,-30.90001,11.856613,8.276871,56.66462
-30.819992,-30.819992,9.302109,5.709839,52.954056
-30.819992,-30.819992,7.3578186,4.490341,50.735542
-31.73999,-31.73999,6.140976,4.5657654,51.1533
-31.73999,-31.73999,5.6444855,5.274597,51.352806
-33.26001,-33.26001,6.452896,7.5617523,55.56447
-33.26001,-33.26001,7.615677,9.227341,57.578438
-37.380005,-37.380005,8.926193,10.388992,64.50362
-37.380005,-37.380005,10.036697,10.842819,65.55063
-38.58,-38.58,11.995819,12.954849,69.87864
-38.58,-38.58,13.547363,14.114731,71.73869
-39.369995,-39.369995,13.637299,12.656677,71.64675
-39.369995,-39.369995,13.156464,11.086151,70.14862
-40.51001,-40.51001,10.487839,6.0955048,65.995514
-40.51001,-40.51001,7.7915344,2.7244873,61.685825
-42.660004,-42.660004,1.8885345,-5.7636414,53.879734
-42.660004,-42.660004,-3.0887604,-10.717392,46.922134
-47.14,-47.14,-9.836441,-18.590805,41.710052
-47.14,-47.14,-14.512985,-21.951523,36.355312
-56.980003,-56.980003,-18.686005,-25.110779,42.004715
-56.980003,-56.980003,-20.42302,-24.783371,41.50558
-57.960007,-57.960007,-21.701584,-25.512848,41.307785
-57.960007,-57.960007,-21.248764,-24.314102,42.558407
-59.96,-59.96,-27.275055,-36.83313,31.108377
-59.96,-59.96,-31.951263,-44.45941,22.812477
-61.499992,-61.499992,-38.029953,-53.238586,14.984239
-61.499992,-61.499992,-41.52133,-55.80783,11.78191
-64.119995,-64.119995,-44.07521,-57.17698,11.948223
-64.119995,-64.119995,-44.163284,-54.754807,13.700857
-66.04,-66.04,-42.17932,-50.037323,20.123053
-66.04,-66.04,-38.845108,-44.36342,26.208872
-67.659996,-67.659996,-34.85785,-38.90158,33.953728
-67.659996,-67.659996,-30.898682,-34.376846,39.323322
-72.5,-72.5,-28.036179,-32.116943,46.46392
-72.5,-72.5,-25.932022,-30.486435,48.54698
-75.549995,-75.549995,-25.526123,-31.239853,50.261215
-75.549995,-75.549995,-25.654419,-31.75267,49.73732
-77.79001,-77.79001,-28.656006,-36.819504,45.851833
-79.35,-79.35,-31.487045,-39.895462,43.492252
-79.35,-79.35,-34.28482,-42.203003,40.809967
-80.94,-80.94,-35.977814,-42.420074,41.548195
-80.94,-80.94,-37.051804,-42.19806,41.635254
-83.310005,-83.310005,-37.087036,-40.82753,44.739
-83.310005,-83.310005,-37.081192,-40.167084,45.395298
-83.310005,-83.310005,-36.53064,-39.01645,46.58781
-88.47,-88.47,-36.902588,-40.24005,48.819733
-90.03,-90.03,-37.036575,-40.530197,49.48786
-95.2,-95.2,-39.676346,-45.559692,47.536484
-95.2,-95.2,-41.825394,-48.403183,44.857666
-100.95,-100.95,-49.19867,-60.997124,36.7115
-100.95,-100.95,-55.09427,-68.35814,30.254837
-106.89,-106.89,-59.125565,-71.379074,32.39053
-111.2,-111.2,-60.64411,-70.25809,36.877563
-111.2,-111.2,-61.28055,-69.13445,37.977734
-113.93,-113.93,-60.39988,-66.27896,42.283245
-113.93,-113.93,-59.398643,-64.36832,43.757027
-116.61,-116.61,-57.784653,-61.619514,47.43645
-116.61,-116.61,-57.49256,-61.78222,47.225395
-119.9,-119.9,-57.054977,-61.228416,49.430496
-119.9,-119.9,-57.54271,-62.089127,48.867954
-121.81,-121.81,-57.781105,-61.858063,50.17334
-121.81,-121.81,-58.696228,-62.64492,49.816177
-123.380005,-123.380005,-59.21541,-62.312393,51.096123
-123.380005,-123.380005,-62.174965,-67.0511,48.270275
-124.990005,-124.990005,-64.43893,-69.602776,47.961864
-124.990005,-124.990005,-67.48621,-73.50935,45.724945
-128.01001,-128.01001,-69.301605,-74.68552,47.510933
-128.01001,-128.01001,-71.148094,-76.28481,46.715363
-128.98001,-128.98001,-72.740845,-77.80074,46.690334
-128.98001,-128.98001,-73.20433,-77.26056,47.139927
-130.2,-130.2,-73.65237,-77.14452,48.280277
-130.2,-130.2,-73.35566,-75.74801,49.202946
-131.27,-131.27,-73.9073,-76.407745,49.687477
-131.27,-131.27,-73.98569,-75.97843,49.99609
-132.07,-132.07,-73.62389,-74.560616,51.523514
-132.07,-132.07,-75.98301,-78.8398,49.009655
-136.28,-136.28,-78.76752,-82.95407,50.334938
-136.28,-136.28,-83.58287,-90.50249,45.976807
-138.56,-138.56,-86.978966,-94.13728,46.07475
-138.56,-138.56,-91.87486,-100.90755,41.652428
-140.45,-140.45,-94.84442,-103.440735,41.86689
-140.45,-140.45,-99.12565,-109.25966,37.61616
-143.67,-143.67,-103.77883,-115.7061,36.68656
-143.67,-143.67,-106.20481,-117.43642,34.872185
-146.89,-146.89,-108.0577,-118.66213,37.601063
-146.89,-146.89,-108.22547,-117.00751,38.401382
-148.62,-148.62,-108.5618,-116.34251,40.83513
-148.62,-148.62,-107.97664,-113.97829,42.35104
-152.32,-152.32,-108.491264,-114.16228,46.738335
-152.32,-152.32,-108.451164,-112.849464,47.46918
-154.03,-154.03,-108.95118,-112.60372,49.58918
-154.03,-154.03,-108.979095,-111.149506,50.38952
-155.38,-155.38,-109.44561,-110.701195,52.178745
-155.38,-155.38,-109.513664,-109.44052,52.876328
-156.65,-156.65,-110.08213,-109.2952,54.362785
-156.65,-156.65,-110.293816,-108.396835,54.82551
-158.13,-158.13,-111.763176,-110.349434,55.11425
-158.13,-158.13,-112.75564,-111.07506,54.40809
-160.53,-160.53,-113.674225,-111.701164,56.763943
-160.53,-160.53,-114.03891,-111.271515,56.90081
-164.86,-164.86,-114.599594,-111.46004,62.040806
-164.86,-164.86,-114.75128,-110.92798,62.28475
-167.3,-167.3,-115.10911,-110.98346,65.2019
-167.3,-167.3,-115.18254,-110.456436,65.459435
-168.58,-168.58,-115.42616,-110.36401,67.03504
-168.58,-168.58,-115.44967,-109.91331,67.26479
-169.92,-169.92,-117.496445,-113.72975,66.30655
-169.92,-169.92,-119.09281,-115.993225,64.54001
-170.93,-170.93,-121.20571,-119.15997,63.33877
-170.93,-170.93,-122.52309,-120.465164,62.07969
-171.53,-171.53,-124.00294,-122.35868,61.191803
-171.53,-171.53,-124.73012,-122.68131,60.687363
-170.29,-170.29,-126.4246,-125.30171,56.748512
-170.29,-170.29,-127.413574,-126.231384,55.73807
-170.16,-170.16,-129.32957,-129.1378,52.90673
-170.16,-170.16,-130.44614,-130.21866,51.691593
-169.07,-169.07,-131.67778,-131.58603,48.730892
-169.07,-169.07,-132.1905,-131.44164,48.551083
-168.75,-168.75,-133.93295,-134.10962,45.530796
-168.75,-168.75,-134.98213,-135.03583,44.377743
-168.74,-168.74,-136.17888,-136.30975,42.897156
-168.74,-168.74,-136.7092,-136.15627,42.69948
-168.81,-168.81,-137.34843,-136.47398,42.2378
-168.81,-168.81,-137.4997,-135.82863,42.576397
-168.09,-168.09,-137.8981,-135.83896,41.366558
-168.09,-168.09,-137.97932,-135.19337,41.757256
-166.87,-166.87,-138.50775,-135.6734,39.487026
-166.87,-166.87,-138.7593,-135.4454,39.514133
-166.81,-166.81,-139.90244,-137.15735,37.650234
-166.81,-166.81,-140.65918,-137.81952,36.788925
-166.5,-166.5,-143.03864,-141.97362,32.172684
-166.5,-166.5,-144.71173,-144.23143,29.650942
-165.82,-165.82,-146.72194,-147.22992,25.450966
-165.82,-165.82,-147.8692,-148.34938,23.978876
-165.88,-165.88,-148.84013,-149.33125,22.785719
-166.38,-166.38,-149.15852,-149.04004,23.48145
-166.7,-166.7,-149.61496,-149.30136,23.46275
-166.7,-166.7,-149.6749,-148.76578,23.80219
-166.99,-166.99,-149.90735,-148.65337,24.144981
-166.99,-166.99,-149.90384,-148.01659,24.60577
-166.92,-166.92,-150.00117,-147.65567,24.716396
-166.92,-166.92,-149.94832,-146.91031,25.29849
-166.43,-166.43,-149.2238,-144.75179,26.652325
-165.94,-165.94,-148.55217,-142.99193,27.691696
-165.94,-165.94,-147.96724,-141.56815,29.095928
-164.68,-164.68,-147.55356,-140.58214,28.380491
-164.68,-164.68,-146.81427,-138.8369,30.11981
-163.33,-163.33,-146.29211,-137.741,29.448496
-161.55,-161.55,-145.85913,-136.81812,28.054693
-161.55,-161.55,-145.63509,-136.41228,28.483652
-160.28,-160.28,-145.57724,-136.38635,26.87662
-160.28,-160.28,-145.63585,-136.51624,26.743917
-159.62,-159.62,-145.78247,-136.91833,25.490519
-159.1,-159.1,-145.94273,-137.27213,24.45453
-159.1,-159.1,-145.74742,-136.83618,24.902079
-158.65,-158.65,-145.58415,-136.61804,24.570518
-158.65,-158.65,-144.9135,-135.34227,25.914898
-158.28,-158.28,-144.3969,-134.57452,26.288267
-158.28,-158.28,-144.0569,-134.20181,26.730072
-158.17,-158.17,-143.9094,-134.12656,26.706463
-158.35,-158.35,-143.76236,-134.00558,27.093029
-158.35,-158.35,-143.73172,-134.10104,27.022188
-158.52,-158.52,-143.46349,-133.60934,27.75689
-158.52,-158.52,-143.29259,-133.48022,27.928411
-158.15,-158.15,-143.25076,-133.61932,27.35061
-158.15,-158.15,-143.52318,-134.41364,26.574198
-156.52,-156.52,-143.93858,-135.4235,23.467337
-156.52,-156.52,-144.2815,-136.07777,22.778143
-152.53,-152.53,-144.65613,-136.81276,16.959496
-152.53,-152.53,-144.89821,-137.32413,16.420788
-135.99,-135.99,-144.986,-137.46124,6.709258
-135.99,-135.99,-144.99069,-137.43297,6.704989
-122.06,-122.06,-144.72028,-136.8512,20.451591
-122.06,-122.06,-144.23843,-135.87703,19.460499
-104.53,-104.53,-143.85757,-135.2334,34.966934
-104.53,-104.53,-143.03441,-133.59077,33.22861
-86.93,-86.93,-142.4305,-132.55937,44.35653
-86.93,-86.93,-141.44412,-130.66867,42.511486
-69.82001,-69.82001,-139.94522,-127.721886,47.88046
-69.82001,-69.82001,-138.93178,-126.13527,46.72358
-40.36,-40.36,-137.80095,-124.28845,53.797707
-40.36,-40.36,-137.17656,-123.573784,53.873577
-30.589996,-30.589996,-136.66876,-123.05049,56.180832
-30.589996,-30.589996,-136.28041,-122.65991,56.353874
-24.149994,-24.149994,-136.20467,-122.99626,58.01301
-24.149994,-24.149994,-136.1417,-123.24158,58.02909
-19.960007,-19.960007,-136.23355,-123.814835,58.99152
-19.960007,-19.960007,-136.24701,-124.18175,58.918095
-18.069992,-18.069992,-136.33421,-124.78303,59.231464
-18.069992,-18.069992,-136.41449,-125.27083,59.077965
-17.690002,-17.690002,-136.60039,-126.03816,58.88982
-17.690002,-17.690002,-136.78427,-126.66972,58.64187
-10.7400055,-10.7400055,-137.02591,-127.349335,59.941093
-10.7400055,-10.7400055,-137.21228,-127.86089,59.631004
-7.2599945,-7.2599945,-137.1636,-127.7975,60.66853
-7.2599945,-7.2599945,-137.08542,-127.74221,60.73729
-5.7599945,-5.7599945,-136.22763,-125.96863,62.580757
-5.7599945,-5.7599945,-135.51828,-124.781296,63.549976
-4.7299957,-4.7299957,-133.1275,-119.90493,67.66072
-4.7299957,-4.7299957,-131.28333,-116.793365,70.05238
-2.9600067,-2.9600067,-121.86653,-97.00858,83.675705
-2.9600067,-2.9600067,-114.27434,-83.52193,89.406715
-0.69999695,-0.69999695,-102.01413,-60.526566,94.926926
-0.69999695,-0.69999695,-93.28409,-47.499786,91.22908
2.2099915,2.2099915,-78.82341,-22.34488,82.56577
2.2099915,2.2099915,-68.95659,-10.181992,71.899734
3.1400146,3.1400146,-53.96353,11.8909,57.18306
3.1400146,3.1400146,-44.402405,19.351685,49.148514
4.799988,4.799988,-30.329742,35.3649,44.51757
4.799988,4.799988,-21.993774,37.181976,40.60131
6.4200134,6.4200134,-1.3372803,63.88202,57.733673
6.4200134,6.4200134,13.320618,73.152664,66.8627
8.7400055,8.7400055,26.34375,77.69479,69.55915
8.7400055,8.7400055,31.779541,68.86105,61.982735
12.900009,12.900009,34.24469,59.574097,49.285713
12.900009,12.900009,31.245956,45.174103,35.84763
28.269989,28.269989,26.911438,34.448593,6.2863116
28.269989,28.269989,20.240051,23.630737,8.578467
31.330002,31.330002,13.654053,16.261734,22.042896
31.330002,31.330002,7.140854,10.133636,30.8495
33.990005,33.990005,1.5878448,5.9016724,41.07788
33.990005,33.990005,-2.8526611,2.66362,46.46419
36.920013,36.920013,-1.4942169,9.122391,44.460445
39.399994,39.399994,0.76950073,13.632202,42.587612
39.399994,39.399994,5.08461,19.196915,35.761497
42.449997,42.449997,8.497025,21.115875,35.50022
42.449997,42.449997,11.391937,21.371414,33.42739
46.360016,46.360016,12.578308,19.150803,38.80603
46.360016,46.360016,12.870361,16.758606,40.555367
50.039993,50.039993,11.8701935,13.679733,47.787975
50.039993,50.039993,11.110489,12.565598,49.12507
52.680008,52.680008,9.796524,11.24884,53.783867
52.680008,52.680008,9.664444,12.498749,52.77934
55.149994,55.149994,9.371399,12.686554,55.31715
55.149994,55.149994,10.7230835,15.604034,52.13611
56.689987,56.689987,11.747437,16.779175,52.16301
56.689987,56.689987,12.723663,17.28798,51.26211
58.28,58.28,13.050018,16.390274,53.46877
59.440002,59.440002,13.718292,16.526337,54.1797
59.440002,59.440002,13.815201,15.756714,54.826653
60.76999,60.76999,14.495468,16.537125,55.113148
60.76999,60.76999,14.721115,16.426346,55.120293
62.700012,62.700012,15.933304,18.369186,54.676575
62.700012,62.700012,16.6288,19.00676,53.82517
64.90999,64.90999,19.373444,23.287537,50.885952
67.41,67.41,21.437225,25.421936,50.39674
67.41,67.41,32.715424,44.64119,29.134747
70.67001,70.67001,42.634964,56.044968,18.931902
70.67001,70.67001,51.254227,61.99478,11.558597
75.09001,75.09001,56.08197,60.464584,16.120274
79.32001,79.32001,58.80342,57.768265,22.50939
79.32001,79.32001,58.279984,52.502975,27.757002
82.09,82.09,57.179886,50.118988,32.848564
82.09,82.09,56.029327,50.10225,32.94564
82.23999,82.23999,53.770905,48.953857,34.389374
82.23999,82.23999,52.62587,50.30507,33.135082
82.369995,82.369995,51.081604,50.120667,33.555283
83.619995,83.619995,51.79669,53.558685,31.177483
83.619995,83.619995,52.19368,54.595062,30.121286
85.5,85.5,54.39308,57.951035,28.281652
85.5,85.5,55.87642,58.486313,27.682245
87.49002,87.49002,57.910355,60.007782,27.834402
90.26999,90.26999,58.847,59.23871,30.991968
90.26999,90.26999,60.139145,60.005646,30.228134
90.26999,90.26999,60.290558,59.153656,31.080473
92.55002,92.55002,60.413513,59.150543,33.03387
93.04001,93.04001,59.615295,58.088943,34.48464
93.79001,93.79001,59.134033,58.211746,34.965286
93.79001,93.79001,58.850677,58.80771,34.36083
95.07001,95.07001,58.071716,58.52983,35.63659
95.07001,95.07001,57.80307,59.071167,35.084732
96.34,96.34,57.251984,58.756943,36.361767
96.5,96.5,57.61963,59.86679,35.406517
96.5,96.5,57.692276,60.116028,35.16364
97.100006,97.100006,58.793015,61.868088,33.96582
97.100006,97.100006,61.13263,65.11963,30.891203
97.56,97.56,62.772186,66.25607,30.24366
97.56,97.56,65.722275,69.372284,27.329836
97.56,97.56,67.67728,70.0804,26.730171
97.48999,97.48999,71.261566,74.01665,22.935932
97.48999,97.48999,76.41583,80.042725,17.15684
98.01999,98.01999,79.974945,81.71802,16.09897
98.01999,98.01999,83.33423,83.38156,14.518839
98.76001,98.76001,84.73932,82.25528,16.38096
98.72,98.72,84.32971,79.57352,18.995544
98.72,98.72,82.38394,76.38681,22.114971
98.82001,98.82001,79.54651,73.72237,24.770271
98.82001,98.82001,77.030914,73.3927,25.006248
98.84,98.84,74.517685,73.20628,25.106716
98.84,98.84,73.34593,74.96768,23.316772
98.72,98.72,72.47348,75.796036,22.35306
98.48001,98.48001,73.12822,78.17114,19.82273
98.48001,98.48001,75.5901,82.181915,15.972422
97.92001,97.92001,77.73279,83.5918,14.107823
97.92001,97.92001,79.09787,82.95148,14.766631
97.92001,97.92001,80.93289,83.84863,13.918767
95.72998,95.72998,82.10651,83.79962,11.845997
95.72998,95.72998,82.839355,83.70456,11.949296
94.360016,94.360016,82.66611,82.92749,11.37624
94.360016,94.360016,82.51053,83.0275,11.275031
94.360016,94.360016,81.739655,82.54944,11.743698
92.78998,92.78998,81.38132,83.100555,9.650011
90.25,90.25,80.815094,83.34772,6.8990436
86.32001,86.32001,80.023346,82.95099,3.4150658
86.32001,86.32001,79.285095,82.798096,3.5779593
86.32001,86.32001,78.430786,82.43594,3.9511135
80.32999,80.32999,77.914825,82.59259,2.2903802
74.03999,74.03999,77.38794,82.468445,8.452475
68.14,68.14,76.82858,81.981476,13.983516
68.14,68.14,76.2189,81.43045,13.426999
62.009995,62.009995,75.55899,81.13501,19.473955
62.009995,62.009995,75.20749,81.45288,19.75754
56.67,56.67,74.92723,81.66882,25.536793
51.700012,51.700012,75.13988,82.41019,31.459826
51.700012,51.700012,75.31322,82.67975,31.708042
49.78,49.78,75.37085,82.526,33.608707
49.78,49.78,75.30415,82.156525,33.285404
48.190002,48.190002,75.1212,81.66205,34.54603
48.190002,48.190002,74.83397,81.35971,34.267426
45.95999,45.95999,74.47713,81.03363,36.363735
41.179993,41.179993,74.08588,80.851715,41.364857
41.179993,41.179993,73.43892,80.395874,40.940826
37.12999,37.12999,72.791504,80.21622,45.17686
37.12999,37.12999,71.95479,79.55945,44.583107
34.069992,34.069992,71.198395,79.28024,47.679794
30.390015,30.390015,70.665344,79.259674,51.70816
30.390015,30.390015,68.90201,76.947845,49.8158
25.320007,25.320007,67.37079,75.622375,54.482616
25.320007,25.320007,65.41293,73.71542,52.812828
19.389984,19.389984,64.00122,73.11401,59.153847
19.389984,19.389984,63.338776,73.5954,59.317616
14.430008,14.430008,62.241882,72.67154,64.43072
10.940002,10.940002,59.748077,69.39293,66.09516
10.940002,10.940002,55.23578,63.421494,61.043446
8.669998,8.669998,51.68097,60.726456,60.990143
8.669998,8.669998,49.65425,61.045654,60.4504
8.669998,8.669998,45.044632,55.79419,55.10121
7.519989,7.519989,37.427994,45.959717,46.252476
7.519989,7.519989,27.780823,34.691345,32.943462
7.7299957,7.7299957,21.048752,30.781403,26.200258
7.7299957,7.7299957,13.897598,25.133865,18.372463
7.7299957,7.7299957,10.331482,25.010376,17.458
7.6600037,7.6600037,6.7177734,22.024277,14.392951
7.2099915,7.2099915,2.8484802,16.672318,10.37769
6.4200134,6.4200134,1.9559937,16.04573,10.572351
6.4200134,6.4200134,2.6613312,16.72055,10.93704
5.949997,5.949997,5.5915833,19.678009,13.73244
5.949997,5.949997,8.996445,21.900131,16.219826
5.7099915,5.7099915,13.242371,24.734467,20.350822
5.449997,5.449997,16.302078,24.71318,21.89927
5.449997,5.449997,16.043991,19.204697,17.196089
5.0,5.0,15.741608,16.342972,15.481384
5.0,5.0,13.23642,11.22876,10.257316
4.4799957,4.4799957,11.532089,9.60553,8.672965
4.060013,4.060013,9.152618,7.134094,5.9271812
4.060013,4.060013,5.64476,2.8302307,2.003595
3.5299988,3.5299988,3.7278595,2.0512238,1.491872
3.5299988,3.5299988,0.30955505,-2.2757416,6.6383505
2.6799927,2.6799927,-1.2962036,-3.194641,7.0927644
2.6799927,2.6799927,-4.920883,-8.820374,13.772091
1.7899933,1.7899933,-6.672287,-10.406525,14.821826
0.6799927,0.6799927,-9.626114,-14.809647,18.543633
0.6799927,0.6799927,-12.970215,-19.830475,24.489183
0.25,0.25,-14.162842,-20.39592,25.004036
0.25,0.25,-14.691528,-20.36792,25.277128
0.020004272,0.020004272,-13.435654,-17.8535,22.239687
-0.17999268,-0.17999268,-10.726929,-13.805481,17.166758
-0.17999268,-0.17999268,-7.881027,-10.837524,13.121245
-0.3600006,-0.3600006,-4.7229156,-7.867859,8.676249
-0.3600006,-0.3600006,-1.4576874,-4.835861,4.608149
-0.6300049,-0.6300049,1.5297394,-2.2558594,2.702695
-0.7899933,-0.7899933,3.9771118,-0.39822388,4.7829075
-0.7899933,-0.7899933,5.7805023,0.83062744,6.7672076
-0.7799988,-0.7799988,6.5980225,1.0756226,7.6074643
-0.7799988,-0.7799988,6.472336,0.24276733,7.323943
-0.8600006,-0.8600006,6.0536804,-0.17967224,6.946728
-0.8600006,-0.8600006,5.264984,-0.634079,6.128615
-0.7400055,-0.7400055,4.5992584,-0.5949707,5.3408933
-0.80999756,-0.80999756,4.010742,-0.3821411,4.839424
-0.80999756,-0.80999756,3.6452332,-0.09118652,4.512711
-0.91000366,-0.91000366,3.588974,0.5589905,4.732593
-0.91000366,-0.91000366,3.5074005,0.4662323,4.6266456
-0.7400055,-0.7400055,3.6376343,0.7466583,4.6231303
-0.47999573,-0.47999573,3.6084137,0.5118561,4.2069607
-0.47999573,-0.47999573,3.4607086,0.16285706,3.9927251
-0.25,-0.25,3.437149,0.23799133,3.719312
-0.25,-0.25,3.257782,-0.019226074,3.515356
0.16000366,0.16000366,3.2192078,0.033599854,3.0618372
0.16000366,0.16000366,2.735611,-0.59350586,2.6834338
0.34999084,0.34999084,2.419693,-0.74993896,2.3437655
0.3600006,0.3600006,1.7377472,-1.604538,2.3993907
0.3600006,0.3600006,0.5985565,-3.2463226,3.6141129
0.3899994,0.3899994,-0.19863892,-3.8240204,4.254871
0.3899994,0.3899994,-0.91464233,-4.1515503,4.724929
0.8200073,0.8200073,-1.1655426,-3.802353,5.030261
0.99998474,0.99998474,-1.1312408,-3.28685,4.7869606
0.99998474,0.99998474,-0.8944702,-2.6504211,4.1124697
1.1799927,1.1799927,-0.42903137,-1.9670868,3.5344636
1.1799927,1.1799927,0.02810669,-1.4710236,2.8903565
1.4100037,1.4100037,0.54782104,-1.0581055,2.6143417
1.4100037,1.4100037,0.8674011,-1.0489655,2.5181613
1.5299988,1.5299988,1.0086975,-1.2184143,2.7973635
1.4400024,1.4400024,1.1071014,-1.1345673,2.5959334
1.4400024,1.4400024,1.2077026,-1.0887146,2.5393696
1.3500061,1.3500061,1.3131866,-0.9335327,2.2837908
1.3500061,1.3500061,1.3292999,-0.6813202,2.0314357
1.269989,1.269989,1.3685303,-0.5279083,1.8005931
1.050003,1.050003,1.5639648,-0.2011261,1.3524839
1.050003,1.050003,1.6690216,0.061416626,1.1663396
0.71998596,0.71998596,1.7838135,0.23045349,1.1711951
0.71998596,0.71998596,1.8094025,0.14761353,1.2308286
0.23001099,0.23001099,1.8096313,0.11048889,1.5841206
-0.22000122,-0.22000122,1.9152069,0.3119049,2.2006037
-0.22000122,-0.22000122,2.1733856,0.9472656,2.6627839
-0.3899994,-0.3899994,2.4396515,1.3171539,3.3045826
-0.3899994,-0.3899994,2.7590027,1.7748566,3.8210566
-0.5200043,-0.5200043,2.9519043,1.8603516,4.2091947
-0.5200043,-0.5200043,3.3433685,2.4136505,4.8501797
-0.66999817,-0.66999817,3.603775,2.7238312,5.456394
-0.6599884,-0.6599884,3.822403,2.8903503,5.7169
-0.6599884,-0.6599884,3.913681,2.8988953,5.793898
-0.6599884,-0.6599884,3.884079,2.6406097,5.6152396
-0.6599884,-0.6599884,3.7668457,2.3941803,5.3773127
-0.55999756,-0.55999756,3.5985565,2.2451172,5.015478
-0.6599884,-0.6599884,3.7424927,2.8163452,5.60836
-0.6599884,-0.6599884,4.0194244,3.4342957,6.215931
-0.8500061,-0.8500061,4.2533417,3.7108917,6.8422046
-0.8500061,-0.8500061,4.4920807,3.760849,7.0543547
-0.83999634,-0.83999634,4.6051025,3.7918243,7.146138
-0.83999634,-0.83999634,4.7194824,3.77977,7.2258563
-0.83000183,-0.83000183,4.7441254,3.6695251,7.1610837
-0.7700043,-0.7700043,4.7851715,3.63945,7.0900254
-0.7700043,-0.7700043,4.65567,3.388855,6.8341737
-0.8600006,-0.8600006,4.4521484,3.248993,6.7140794
-0.8600006,-0.8600006,4.2309113,3.0618439,6.42483
-0.7899933,-0.7899933,4.0040436,2.7614288,5.9649935
-0.6300049,-0.6300049,3.7270508,2.3593292,5.2831264
-0.6300049,-0.6300049,3.396469,1.8957367,4.752626
-0.55000305,-0.55000305,3.1590576,1.8072052,4.39436
-0.55000305,-0.55000305,2.7700806,1.3638,3.8320074
-0.5299988,-0.5299988,2.481903,1.1134338,3.4310236
-0.45999146,-0.45999146,1.9935455,0.5612488,2.6575594
-0.43000793,-0.43000793,1.3854523,-0.31930542,1.818761
-0.41000366,-0.41000366,0.98535156,-0.93200684,1.4897716
-0.41000366,-0.41000366,0.73350525,-1.0699615,1.3201207
-0.27999878,-0.27999878,0.70770264,-0.9054413,1.169021
-0.27999878,-0.27999878,0.7500458,-0.6786499,1.1044672
-0.2400055,-0.2400055,0.87490845,-0.25810242,1.1148714
-0.11000061,-0.11000061,0.9964752,-0.2236023,1.1122354
-0.11000061,-0.11000061,1.1509247,-0.1885376,1.2634653
-0.0900116,-0.0900116,1.3241119,0.020751953,1.4185832
-0.0900116,-0.0900116,1.5056,0.2362976,1.6287074
0.08999634,0.08999634,1.699295,0.37486267,1.6343448
0.039993286,0.039993286,1.9521484,0.68411255,2.017612
0.039993286,0.039993286,2.0293121,0.6427002,2.0784838
0.10998535,0.10998535,2.0494843,0.63035583,2.0079858
0.10998535,0.10998535,1.9264069,0.32421875,1.8290619
0.009994507,0.009994507,1.791565,0.05671692,1.7821302
0.009994507,0.009994507,1.6898804,0.07443237,1.6810937
-0.009994507,-0.009994507,1.6063843,0.080078125,1.6188247
0.009994507,0.009994507,1.6737213,0.28851318,1.6869042
0.009994507,0.009994507,1.739975,0.6704712,1.8517118
-0.13999939,-0.13999939,1.8649445,0.90696716,2.2618315
-0.13999939,-0.13999939,1.9069214,0.93911743,2.31393
-0.11000061,-0.11000061,1.9318085,0.70280457,2.1975777
-0.11000061,-0.11000061,1.9872131,0.6835785,2.2422774
0.009994507,0.009994507,2.1487122,0.89068604,2.3129146
-0.0900116,-0.0900116,2.2843475,1.0039215,2.6141918
-0.0900116,-0.0900116,2.4448853,1.1845093,2.837108
-0.16000366,-0.16000366,2.561142,1.2962646,3.0861645
-0.16000366,-0.16000366,2.6335602,1.3639069,3.1819234
-0.44999695,-0.44999695,2.6703033,1.5169678,3.6882794
-0.54000854,-0.54000854,2.6888428,1.6119385,3.8799467
-0.54000854,-0.54000854,2.642685,1.5950623,3.8322632
-0.91000366,-0.91000366,2.5878143,1.3031616,4.138957
-0.91000366,-0.91000366,2.6543732,1.3561096,4.223501
-1.2099915,-1.2099915,2.7324219,1.3755035,4.7143035
-1.5899963,-1.5899963,2.7301025,1.3862457,5.245682
-1.5899963,-1.5899963,2.8327942,1.6182709,5.4633927
-1.8800049,-1.8800049,2.920868,1.7454529,6.015357
-1.8800049,-1.8800049,2.9881287,1.8309784,6.1206126
-1.8199921,-1.8199921,2.9824524,1.8832703,6.063752
-1.8199921,-1.8199921,3.128952,2.2513885,6.407594
-1.7700043,-1.7700043,3.0838318,2.0511017,6.1767287
-1.6799927,-1.6799927,3.0227203,1.9480743,5.93891
-1.6799927,-1.6799927,3.0303192,2.1085968,6.044162
-1.7700043,-1.7700043,3.0404663,2.193512,6.2322164
-1.7700043,-1.7700043,2.9317474,1.8324432,5.922582
-1.8499908,-1.8499908,2.7829285,1.4645233,5.695949
-1.8800049,-1.8800049,2.6577759,1.2315826,5.5016394
-1.8800049,-1.8800049,2.572052,1.1631775,5.3922324
-1.8499908,-1.8499908,2.5215912,1.1156769,5.282125
-1.8499908,-1.8499908,2.3773346,1.0497894,5.125908
-1.9700012,-1.9700012,2.2709045,1.0180817,5.187311
-1.9700012,-1.9700012,2.2397766,1.1029205,5.211505
-1.9100037,-1.9100037,2.299469,1.241333,5.257882
-1.6799927,-1.6799927,2.4273376,1.5193329,5.205862
-1.6799927,-1.6799927,2.5351105,1.5708923,5.322628
-1.75,-1.75,2.6061249,1.5348206,5.455316
-1.75,-1.75,2.6074677,1.407898,5.380992
-1.6300049,-1.6300049,2.5838928,1.3279724,5.1480303
-1.4799957,-1.4799957,2.3880615,0.94195557,4.5634704
-1.4799957,-1.4799957,2.0944824,0.52241516,4.096868
-1.3899994,-1.3899994,1.8540039,0.26541138,3.641746
-1.3899994,-1.3899994,1.5103455,-0.34843445,3.0813398
-1.5200043,-1.5200043,1.2413025,-0.5240021,2.934983
-1.4600067,-1.4600067,0.8880005,-0.73895264,2.455829
-1.4600067,-1.4600067,0.40101624,-1.3064117,1.8668691
-1.449997,-1.449997,0.082611084,-1.6327972,1.5429423
-1.449997,-1.449997,-0.18614197,-1.9139099,1.3456663
-1.3999939,-1.3999939,-0.28512573,-1.7998657,1.1839904
-1.3999939,-1.3999939,-0.21150208,-1.4795074,1.1907474
-1.3200073,-1.3200073,-0.04345703,-1.1949768,1.2823741
-1.2099915,-1.2099915,0.28294373,-0.7131653,1.5732119
-1.2099915,-1.2099915,0.6700592,-0.3093109,2.0844076
-1.1300049,-1.1300049,1.0291138,0.031280518,2.4516013
-1.1300049,-1.1300049,1.2311096,0.13301086,2.6775918
-1.2200012,-1.2200012,1.3438568,0.036453247,2.854922
-1.2200012,-1.2200012,1.3306274,-0.13618469,2.771069
-1.2200012,-1.2200012,1.2834015,-0.23562622,2.6897724
-1.199997,-1.199997,1.179245,-0.29656982,2.5448363
-1.199997,-1.199997,1.0785675,-0.3341217,2.4373488
-1.3099976,-1.3099976,0.99269104,-0.35643005,2.4920647
-1.3099976,-1.3099976,0.9407196,-0.49020386,2.3950634
-1.25,-1.25,0.9077606,-0.5650635,2.2637346
-1.1500092,-1.1500092,0.88520813,-0.42359924,2.160845
-1.1500092,-1.1500092,1.0522461,-0.005355835,2.481912
-1.050003,-1.050003,1.2653351,0.23944092,2.650184
-1.050003,-1.050003,1.3777313,0.2766266,2.7664735
-0.7899933,-0.7899933,1.4448547,0.31280518,2.4921432
-0.6599884,-0.6599884,1.5381927,0.44664,2.461004
-0.6599884,-0.6599884,1.667984,0.74694824,2.7200935
-0.54000854,-0.54000854,1.760498,0.9244995,2.7270646
-0.54000854,-0.54000854,1.8831635,0.883667,2.8104186
-0.44999695,-0.44999695,1.9075165,0.86486816,2.6992886
-0.44999695,-0.44999695,1.8475342,0.7401581,2.587399
-0.20999146,-0.20999146,1.7866058,0.670166,2.1819365
0.0,0.0,1.6822815,0.6264496,1.7951505
0.0,0.0,1.6469574,0.43138123,1.7026086
0.12998962,0.12998962,1.6349945,0.30491638,1.5151699
0.12998962,0.12998962,1.6307831,0.22685242,1.5038913
0.30999756,0.30999756,1.6324158,0.17980957,1.328985
0.12998962,0.12998962,1.6935272,0.4512787,1.5960586
0.12998962,0.12998962,1.812439,0.8097687,1.8145596
0.099990845,0.099990845,1.9116821,1.0289612,2.0358627
0.099990845,0.099990845,1.9873047,1.0871735,2.1297355
0.020004272,0.020004272,2.0304108,1.1300049,2.2963543
0.020004272,0.020004272,2.0008392,0.9510956,2.1886535
-0.20999146,-0.20999146,1.9637909,0.84791565,2.4175134
-0.5700073,-0.5700073,1.8673401,0.77697754,2.7847395
-0.5700073,-0.5700073,1.7914429,0.7339325,2.6974752
-0.7899933,-0.7899933,1.7262115,0.7068329,2.9277706
-0.7899933,-0.7899933,1.6256561,0.57922363,2.776644
-0.7799988,-0.7799988,1.551651,0.50683594,2.6630778
-0.7799988,-0.7799988,1.5651398,0.57588196,2.708844
-0.68000793,-0.68000793,1.6493683,0.723938,2.7197335
-0.34999084,-0.34999084,1.7301178,0.80744934,2.3803904
-0.34999084,-0.34999084,1.8506012,0.9710083,2.5665872
-0.19000244,-0.19000244,1.9494019,1.0638733,2.4796238
-0.19000244,-0.19000244,2.192154,1.2780609,2.7979932
0.07998657,0.07998657,2.4446564,1.5068359,2.761516
0.05000305,0.05000305,2.6340942,1.6464539,3.037122
0.05000305,0.05000305,2.8208008,1.9559021,3.3625493
0.07998657,0.07998657,2.8918304,1.9507141,3.376784
0.07998657,0.07998657,2.9733887,1.991394,3.4671829
0.05000305,0.05000305,2.9640808,2.0166168,3.5151331
0.05000305,0.05000305,3.054184,2.179947,3.6820097
-0.069992065,-0.069992065,3.251007,2.4045258,4.140802
-0.13999939,-0.13999939,3.355835,2.5290833,4.39739
-0.13999939,-0.13999939,3.4700012,2.64888,4.560808
0.2000122,0.2000122,3.552124,2.640274,4.145198
0.2000122,0.2000122,3.6668549,2.6782227,4.2603908
0.4500122,0.4500122,3.574829,2.4685516,3.7191014
0.4500122,0.4500122,3.4111328,2.2603912,3.4698923
0.4500122,0.4500122,3.2141724,2.1262207,3.2319813
0.42999268,0.42999268,3.0569305,1.8556213,2.9883235
0.42999268,0.42999268,2.7787628,1.4647369,2.566282
0.4099884,0.4099884,2.563034,1.2389069,2.3068988
0.43998718,0.43998718,2.2959442,0.8696289,1.9049535
0.43998718,0.43998718,1.8660431,0.27345276,1.4357231
0.58000183,0.58000183,1.5348206,0.11764526,1.0609094
0.58000183,0.58000183,1.1900635,-0.32635498,1.092532
0.6799927,0.6799927,1.0110779,-0.40541077,1.1348767
0.6799927,0.6799927,0.97647095,-0.2916565,1.0160632
0.7700043,0.7700043,1.0469818,-0.041244507,0.85706514
0.7700043,0.7700043,1.2496948,0.301239,0.6708556
0.7700043,0.7700043,1.7291718,1.0468292,0.998188
0.6399994,0.6399994,2.1847382,1.4835815,1.7599193
0.6399994,0.6399994,2.703537,1.9898376,2.4653745
0.78001404,0.78001404,3.0345917,2.2191925,2.6740804
0.83999634,0.83999634,3.348755,2.401886,2.9542618
0.83999634,0.83999634,3.4990234,2.4391174,3.101856
0.9700012,0.9700012,3.5021973,2.1794586,2.8052597
0.9700012,0.9700012,3.4074402,2.0263367,2.65557
1.1699982,1.1699982,3.240265,1.8586578,2.181129
1.1699982,1.1699982,3.0406952,1.7543945,1.9592463
1.1799927,1.1799927,2.8782043,1.6725769,1.767686
1.1200104,1.1200104,2.6518707,1.5036469,1.5787996
1.1200104,1.1200104,2.4230194,1.2948914,1.3141779
1.0099945,1.0099945,2.2516174,1.1663513,1.2511699
1.0099945,1.0099945,2.3824463,1.5373993,1.4700692
1.0600128,1.0600128,2.5951385,1.83107,1.7175999
0.9700012,0.9700012,3.0120392,2.4667358,2.5310314
0.9700012,0.9700012,3.421875,2.9100037,3.1253085
1.0299835,1.0299835,3.674942,2.9258423,3.2528124
1.0299835,1.0299835,3.7023315,2.7225952,3.161988
1.0299835,1.0299835,3.627243,2.2565765,2.8713307
1.0299835,1.0299835,3.4721527,1.9774475,2.6186805
1.0600128,1.0600128,3.3896027,2.0234222,2.5201037
0.99998474,0.99998474,3.3304443,2.039383,2.5509055
0.99998474,0.99998474,3.2920532,2.0484314,2.5196376
0.9299927,0.9299927,3.217392,2.0541382,2.5480647
0.9299927,0.9299927,3.2748413,2.2827454,2.7062414
0.480011,0.480011,3.3418884,2.4819183,3.4916608
-1.0599976,-1.0599976,3.395935,2.6124115,5.7733274
-1.0599976,-1.0599976,3.4336853,2.4300537,5.688994
-3.0099945,-3.0099945,3.4587555,2.3237762,8.382252
-3.0099945,-3.0099945,3.4257202,2.2579498,8.31496
-4.9100037,-4.9100037,3.3835144,2.2179565,10.929929
-4.9100037,-4.9100037,3.3463287,2.1930237,10.885495
-7.619995,-7.619995,3.4454803,2.4029236,14.910915
-10.559998,-10.559998,3.5295715,2.5171509,19.174847
-10.559998,-10.559998,3.7209473,2.6243134,19.38761
-12.050003,-12.050003,3.8687134,2.6895905,21.622763
-12.050003,-12.050003,4.042984,2.953888,21.930782
-12.470001,-12.470001,4.166519,3.100586,22.707428
-13.460007,-13.460007,4.190857,2.9175568,23.97839
-13.460007,-13.460007,4.0647125,2.5869446,23.659924
-15.589996,-15.589996,3.8768616,2.3898315,26.34338
-15.589996,-15.589996,3.6695862,2.2694855,26.110535
-18.660004,-18.660004,3.5104523,2.1973877,30.177444
-22.64,-22.64,3.4028168,2.1448212,35.487274
-22.64,-22.64,3.3252258,2.113327,35.410614
-24.529999,-24.529999,3.2920532,2.093933,37.919758
-24.529999,-24.529999,3.2857666,2.0828552,37.90741
-25.339996,-25.339996,3.288971,2.075943,38.989254
-25.339996,-25.339996,3.3498688,2.0716705,39.028065
-25.540009,-25.540009,3.4128418,2.1433716,39.390537
-25.479996,-25.479996,3.4579468,2.1882172,39.373962
-25.479996,-25.479996,3.4935608,2.2156372,39.418358
-25.830002,-25.830002,3.5210266,2.232956,39.916794
-25.830002,-25.830002,3.418747,2.0187225,39.691013
-26.559998,-26.559998,3.3156586,1.8184052,40.44574
-26.649994,-26.649994,3.0063934,1.2473755,39.93802
-26.649994,-26.649994,1.6985474,-0.9159241,37.472214
-26.430008,-26.430008,0.49829102,-2.3217468,35.337242
-26.430008,-26.430008,-1.6054382,-5.4198,31.663887
-26.119995,-26.119995,-3.2286987,-6.93573,29.041117
-26.119995,-26.119995,-5.4381866,-9.513382,25.680712
-25.290009,-25.290009,-6.8695374,-10.364609,22.972563
-24.100006,-24.100006,-9.198166,-13.381912,17.695173
-24.100006,-24.100006,-12.567886,-18.239532,12.239023
-23.660004,-23.660004,-14.802353,-20.377213,8.840868
-23.660004,-23.660004,-16.638626,-21.751404,6.7515397
-23.36,-23.36,-17.22171,-21.253525,6.056215
-22.779999,-22.779999,-16.93953,-20.04625,6.0848913
-22.779999,-22.779999,-16.421799,-19.164719,6.949551
-21.660004,-21.660004,-15.396896,-17.753494,7.07138
-21.660004,-21.660004,-15.382217,-18.830048,6.5335097
-20.25,-20.25,-15.2211,-19.125671,4.866269
-18.479996,-18.479996,-16.793167,-22.339691,4.1707263
-18.479996,-18.479996,-20.688675,-29.234512,10.941683
-16.580002,-16.580002,-23.775543,-32.802353,17.476477
-16.580002,-16.580002,-26.722885,-35.451965,20.926044
-14.0,-14.0,-28.16951,-35.408997,24.914394
-11.360001,-11.360001,-28.683304,-34.191864,27.765402
-11.360001,-11.360001,-28.04039,-31.754791,25.546669
-8.980011,-8.980011,-26.718369,-29.234543,26.209421
-8.980011,-8.980011,-24.88272,-26.687042,23.24167
-6.399994,-6.399994,-22.954544,-24.487534,24.063274
-3.9600067,-3.9600067,-21.415848,-23.323608,25.677654
-3.9600067,-3.9600067,-20.162674,-22.309906,24.147795
-2.2299957,-2.2299957,-19.760376,-22.51773,26.479519
-2.2299957,-2.2299957,-19.677475,-22.748154,26.598722
-1.0699921,-1.0699921,-19.76239,-22.773651,28.299385
-0.08000183,-0.08000183,-19.798523,-22.457535,29.482735
-0.08000183,-0.08000183,-19.814362,-21.899536,29.089003
0.75001526,0.75001526,-19.560135,-20.920944,29.395643
0.75001526,0.75001526,-19.23265,-20.057175,28.570013
1.3600159,1.3600159,-18.413498,-18.56604,27.840048
1.3600159,1.3600159,-16.897934,-16.109573,25.106232
1.4900055,1.4900055,-15.620956,-14.5368805,23.321112
1.7799988,1.7799988,-14.534897,-13.413925,22.196445
1.7799988,1.7799988,-13.926926,-13.120209,21.561056
1.4100037,1.4100037,-13.594574,-13.281662,20.911657
1.4100037,1.4100037,-13.232498,-12.944855,20.424032
1.2200012,1.2200012,-13.178818,-12.961975,20.129345
1.0600128,1.0600128,-12.644455,-12.037857,18.8893
1.0600128,1.0600128,-12.323532,-11.706894,18.433907
0.95999146,0.95999146,-11.379288,-10.046738,16.491566
0.95999146,0.95999146,-9.578629,-7.058441,13.223482
1.0099945,1.0099945,-8.237198,-5.652954,11.387194
1.6099854,1.6099854,-6.3322296,-3.1776733,9.271014
1.6099854,1.6099854,-5.109909,-2.2874146,7.76708
1.9900055,1.9900055,-3.0222626,0.43914795,5.2454953
1.9900055,1.9900055,0.008560181,4.6054993,3.2791874
2.119995,2.119995,2.022232,6.305588,4.186708
2.2600098,2.2600098,4.367386,8.681686,6.755257
2.2600098,2.2600098,5.5304565,8.755508,7.2647953
2.4799957,2.4799957,7.111862,10.314743,9.084974
2.4799957,2.4799957,9.277481,13.178146,12.635602
2.380005,2.380005,10.391922,13.7079315,13.821581
2.219986,2.219986,11.471771,14.425903,15.246146
2.219986,2.219986,11.54245,13.332611,14.440274
1.8699951,1.8699951,11.437576,12.632645,14.339933
1.8699951,1.8699951,11.310226,12.450165,14.12124
1.7599945,1.7599945,10.66449,11.443222,13.107685
2.0200043,2.0200043,10.095688,10.756561,11.857737
2.0200043,2.0200043,9.280701,9.641022,10.496363
2.0100098,2.0100098,8.717773,9.205368,9.812075
2.0100098,2.0100098,8.074051,8.578476,8.919824
1.1200104,1.1200104,7.400833,7.828232,9.174018
1.4000092,1.4000092,6.943268,7.42276,8.172529
1.4000092,1.4000092,6.5048523,7.0425415,7.598353
1.4600067,1.4600067,5.88002,5.9865417,6.3192854
1.4600067,1.4600067,5.2536163,5.0867157,5.243366
1.7200012,1.7200012,4.640808,4.19339,3.8242326
1.7200012,1.7200012,4.04895,3.5049133,2.932314
1.9900055,1.9900055,3.5954437,2.96344,1.8761756
2.4100037,2.4100037,3.1929474,2.484375,0.78534263
2.4100037,2.4100037,2.9439545,2.3580322,0.5359537
3.0999908,3.0999908,2.9839935,2.5735474,0.5385033
3.0999908,3.0999908,3.4403992,3.5268707,0.5457222
3.6399994,3.6399994,3.9433594,4.2519684,0.68299633
3.6799927,3.6799927,4.5681915,4.9624786,1.5584645
3.6799927,3.6799927,5.060898,5.1272736,1.9975299
4.1399994,4.1399994,5.4532776,5.182785,1.6735098
4.1399994,4.1399994,5.7720947,5.178726,1.9300611
4.529999,4.529999,5.917816,5.081955,1.4888519
4.529999,4.529999,5.970703,5.0588226,1.5299507
5.0099945,5.0099945,5.9158325,5.036499,0.9028733
5.1599884,5.1599884,5.7270355,4.760208,0.69210345
5.1599884,5.1599884,5.3781433,4.0907288,1.0912775
5.449997,5.449997,5.028366,3.6957855,1.8038508
5.449997,5.449997,4.478424,2.9975128,2.6368556
5.9400024,5.9400024,3.9868317,2.490982,3.9609149
6.1200104,6.1200104,3.5223846,2.1183624,4.766907
6.1200104,6.1200104,3.3703613,2.3761292,4.6403427
6.2400055,6.2400055,3.393402,2.5902405,4.6231303
6.2400055,6.2400055,3.5191803,2.8162842,4.367625
6.319992,6.319992,3.7181702,2.9535217,4.249297
6.279999,6.279999,3.3041382,1.9225616,5.2719507
6.569992,6.569992,3.1477509,1.6256104,6.007629
6.569992,6.569992,3.108078,1.7667847,5.9148326
6.569992,6.569992,3.1007385,1.8475037,5.853706
6.5599976,6.5599976,3.1737366,1.9710999,5.6969466
6.5599976,6.5599976,3.5325775,2.4972382,5.0606666
6.639984,6.639984,3.9049988,3.0736847,4.488077
6.919998,6.919998,4.316559,3.6582794,4.1662164
6.919998,6.919998,4.964615,4.4937744,3.1099238
6.700012,6.700012,5.4752045,4.984421,2.1041262
6.700012,6.700012,6.235321,5.932846,0.89525557
6.949997,6.949997,6.750717,6.2891083,0.69012153
7.0200043,7.0200043,7.325821,6.842682,0.35221508
7.0200043,7.0200043,7.6651764,6.8967133,0.65222096
7.380005,7.380005,7.6801147,6.5845947,0.8494975
7.380005,7.380005,7.8408966,6.716202,0.8062432
7.5299835,7.5299835,7.836624,6.7695312,0.81900537
7.5299835,7.5299835,7.914917,7.0609436,0.60522604
7.6600037,7.6600037,7.8567963,7.0357513,0.65431774
7.600006,7.600006,8.078949,7.4255066,0.5055169
7.600006,7.600006,8.169296,7.636017,0.56509894
7.4599915,7.4599915,8.164368,7.574173,0.70748246
7.4599915,7.4599915,8.262863,7.642273,0.81661266
7.100006,7.100006,8.286377,7.4750366,1.2351139
6.6599884,6.6599884,8.533005,8.050751,2.3205183
6.6599884,6.6599884,8.808807,8.404083,2.7531395
6.4200134,6.4200134,8.955597,8.429779,3.2186882
6.4200134,6.4200134,8.943436,8.176102,3.0575504
5.9400024,5.9400024,8.831207,7.765747,3.4019117
5.5200043,5.5200043,8.734222,7.6520233,3.839206
5.5200043,5.5200043,8.590469,7.5628815,3.6711984
5.0099945,5.0099945,8.533051,7.544815,4.3227763
5.0099945,5.0099945,8.451721,7.5264435,4.2468076
4.3899994,4.3899994,8.345276,7.5898438,5.070375
4.3899994,4.3899994,8.253998,7.440445,4.906482
3.9399872,3.9399872,8.152771,7.3559875,5.407366
3.6799927,3.6799927,8.181183,7.5290833,5.905513
3.6799927,3.6799927,8.356201,7.657318,6.1207724
3.5100098,3.5100098,8.4664,7.727463,6.4888773
3.5100098,3.5100098,8.417908,7.5529785,6.340225
3.4200134,3.4200134,8.309219,7.170288,6.14462
3.5299988,3.5299988,8.38324,7.3939667,6.1855783
3.5299988,3.5299988,8.45874,7.5039215,6.3126426
3.7100067,3.7100067,8.524536,7.5704346,6.152209
3.7100067,3.7100067,8.807297,8.059143,6.6791706
3.9299927,3.9299927,8.996094,8.148727,6.570174
3.9299927,3.9299927,9.233536,8.440552,6.9376864
4.6200104,4.6200104,9.366638,8.61113,6.1766653
5.5899963,5.5899963,9.491333,8.675293,4.949814
5.5899963,5.5899963,9.402237,8.488953,4.766085
6.8099976,6.8099976,9.232895,8.106598,2.7299345
6.8099976,6.8099976,8.905991,7.6489105,2.2421901
9.340012,9.340012,8.626312,7.3766174,2.0864723
10.789993,10.789993,8.14093,6.7629395,4.802935
10.789993,10.789993,7.522873,5.953003,5.816958
12.690002,12.690002,7.045105,5.3878937,9.184401
12.690002,12.690002,6.6567993,5.162979,9.598084
15.419998,15.419998,6.4749603,5.1016846,13.553849
15.419998,15.419998,6.1018524,4.6667786,14.125942
17.720001,17.720001,5.532318,3.7550507,18.373796
19.809998,19.809998,5.1496887,3.4133148,21.7585
19.809998,19.809998,4.7869873,3.0001678,22.307749
20.960007,20.960007,4.652817,3.1113586,23.885439
20.960007,20.960007,4.255371,2.5386505,24.578993
21.419998,21.419998,4.0713806,2.3372955,25.480312
22.37001,22.37001,3.7299805,1.8832092,27.343111
22.37001,22.37001,3.4734344,1.5970459,27.72717
23.910004,23.910004,3.4170532,1.7711334,29.721327
23.910004,23.910004,3.4289398,1.9107666,29.60712
25.279999,25.279999,3.5716553,2.2871246,31.0769
26.089996,26.089996,3.7055054,2.285965,32.079475
26.089996,26.089996,4.0441895,2.8051605,31.46447
26.520004,26.520004,4.3859253,3.110077,31.587418
26.520004,26.520004,4.8191986,3.7084045,30.851173
26.64,26.64,5.196121,4.1627045,30.422012
26.64,26.64,5.571533,4.5960693,29.8494
26.26001,26.26001,5.888077,4.853592,28.940361
25.87999,25.87999,6.5117188,5.5587463,27.491177
25.87999,25.87999,7.6922913,7.3044434,25.402191
25.289993,25.289993,8.658035,8.475784,23.098213
25.289993,25.289993,10.090149,10.260803,20.825155
24.550003,24.550003,11.079987,11.100952,18.554035
23.910004,23.910004,13.182343,14.069107,14.1197
23.910004,23.910004,15.692322,17.252533,10.168561
23.73999,23.73999,17.36763,18.491241,7.927537
23.73999,23.73999,19.380447,20.415192,5.2313933
24.049988,24.049988,20.424911,20.679138,4.7534914
24.049988,24.049988,22.390717,23.18956,1.7468606
23.819992,23.819992,23.480682,23.990387,0.3538778
22.899994,22.899994,25.114655,25.886536,3.6036417
22.899994,22.899994,27.271912,28.855545,7.135588
22.800003,22.800003,28.454376,29.424942,8.343555
22.800003,22.800003,29.257507,29.624374,8.947643
23.100006,23.100006,29.070297,28.270233,7.4593253
23.26001,23.26001,28.455917,26.90329,5.9501543
23.26001,23.26001,27.854675,26.42894,5.236186
23.169998,23.169998,26.891525,25.528793,4.1298623
23.169998,23.169998,26.767334,26.53302,4.6860466
22.789993,22.789993,26.54477,26.905563,5.3421407
22.12001,22.12001,27.067902,28.188385,7.539888
22.12001,22.12001,27.866943,29.480484,8.993352
21.240005,21.240005,28.267044,29.491531,10.405693
21.240005,21.240005,28.604767,29.36293,10.496643
20.660004,20.660004,28.536133,28.541794,10.642368
20.660004,20.660004,28.183578,27.65332,9.794183
20.050003,20.050003,27.554611,26.761627,9.611572
20.729996,20.729996,26.371109,25.18512,6.8413734
20.729996,20.729996,24.938232,23.542496,4.806115
21.330002,21.330002,23.63742,22.575867,2.4761484
21.330002,21.330002,22.249466,21.468658,0.86682695
21.490005,21.490005,21.255066,21.001175,0.53522307
21.570007,21.570007,20.17276,19.964478,2.069803
21.570007,21.570007,19.00824,18.751389,3.7048588
21.449997,21.449997,18.304214,18.227219,4.3747945
21.449997,21.449997,17.913666,18.105621,4.7174187
20.970001,20.970001,17.923859,18.470642,3.8036442
20.970001,20.970001,18.466873,19.48294,2.7798145
21.180008,21.180008,19.190842,20.234436,2.087035
21.840012,21.840012,19.798325,20.561554,2.2929423
21.840012,21.840012,19.60173,19.357788,3.248054
22.009995,22.009995,19.29779,18.350296,4.4576864
22.009995,22.009995,19.015396,17.834671,5.035361
22.160004,22.160004,18.827515,17.868042,5.312125
22.360016,22.360016,18.88971,18.173965,5.302267
22.360016,22.360016,19.155334,18.928635,4.5567265
22.509995,22.509995,19.507507,19.46254,4.140376
22.509995,22.509995,19.862473,19.78659,3.675889
21.970001,21.970001,20.129929,19.987518,2.6233108
21.73999,21.73999,20.066956,19.591217,2.6584432
21.73999,21.73999,19.481247,18.12738,4.190215
21.470016,21.470016,18.872833,17.313278,4.824545
21.470016,21.470016,17.79599,15.954575,6.5204706
21.64,21.64,16.969177,15.17131,7.839421
21.64,21.64,16.096573,14.641022,8.757215
21.480011,21.480011,15.645645,14.593704,8.840024
20.839996,20.839996,15.129028,14.01886,8.7274885
20.839996,20.839996,15.368408,14.88472,7.9090443
20.690002,20.690002,15.874664,15.977707,6.563694
20.690002,20.690002,16.8723,17.471115,4.8346043
21.89,21.89,17.896637,18.435837,5.096775
24.200012,24.200012,18.85878,19.180237,7.0571904
24.200012,24.200012,19.670242,19.583862,6.241772
26.080002,26.080002,20.209198,19.65094,8.399032
26.080002,26.080002,20.339355,19.218826,8.665375
26.86,26.86,20.20221,18.805801,10.1203
26.86,26.86,19.5932,17.717041,11.342445
28.160004,28.160004,18.905426,17.09082,13.968852
28.62001,28.62001,18.414978,16.93332,14.986908
28.62001,28.62001,18.599365,17.979126,14.054118
29.34999,29.34999,18.93155,18.726395,14.245619
29.34999,29.34999,19.370163,19.401855,13.4619875
30.12001,30.12001,19.792175,19.807465,13.9133005
30.460007,30.460007,20.16719,20.015244,13.976109
30.460007,30.460007,20.547379,20.172867,13.62791
30.830002,30.830002,20.763382,20.295273,13.893062
30.830002,30.830002,20.9366,20.133087,13.919761
31.290009,31.290009,20.981873,20.02945,14.581424
31.290009,31.290009,20.566833,19.20102,15.478391
31.910004,31.910004,19.93338,18.439072,17.26181
32.969986,32.969986,19.33995,17.997543,19.338394
32.969986,32.969986,18.65509,17.341614,20.254366
33.62001,33.62001,18.146973,16.962265,21.694834
33.62001,33.62001,17.987778,17.212448,21.587852
34.200012,34.200012,18.018677,17.70958,21.927864
33.589996,33.589996,18.057236,17.850922,21.005217
33.589996,33.589996,17.82042,17.279999,21.59344
33.25,33.25,17.668823,16.89354,21.546211
33.25,33.25,17.44963,16.43126,22.040712
32.95999,32.95999,17.342865,16.425232,21.730522
32.95999,32.95999,18.16652,18.256226,19.807135
33.25,33.25,20.587372,22.430328,15.544768
34.479996,34.479996,22.866653,24.955902,13.85224
34.479996,34.479996,25.719055,28.131454,9.8073635
35.84999,35.84999,27.791092,29.233032,9.476395
35.84999,35.84999,29.452698,29.891144,8.019393
37.119995,37.119995,30.155472,29.283539,9.758926
38.0,38.0,30.822784,29.522583,10.358733
38.0,38.0,31.13469,29.628372,10.122827
38.08,38.08,30.820618,29.130417,10.791801
38.08,38.08,30.534851,29.014557,11.023462
37.48001,37.48001,29.923111,28.630585,10.873372
36.930008,36.930008,29.570175,28.986526,10.053868
36.930008,36.930008,29.342468,29.435684,9.81534
36.61,36.61,29.055725,29.26564,9.695012
36.61,36.61,28.916748,29.314392,9.733709
36.580017,36.580017,28.684296,28.901276,10.144043
36.580017,36.580017,28.769302,29.05281,9.979415
37.12999,37.12999,28.771713,28.931961,10.7747345
36.990005,36.990005,29.157333,29.51764,9.928779
36.990005,36.990005,30.112457,30.967545,8.289344
37.069992,37.069992,30.829224,31.70848,7.43057
37.069992,37.069992,31.53215,32.325317,6.573307
37.270004,37.270004,31.863312,32.312164,6.65284
36.580017,36.580017,32.257767,32.57663,5.35511
36.580017,36.580017,31.872696,31.587158,6.3326755
34.550003,34.550003,31.20993,30.382996,5.02956
34.550003,34.550003,30.145218,28.956223,6.7300386
31.519989,31.519989,29.091415,28.032684,4.0745316
31.519989,31.519989,28.060226,27.335846,5.1554847
32.119995,32.119995,27.315964,27.31488,6.3619285
33.430008,33.430008,26.981049,27.629807,8.027271
33.430008,33.430008,27.723984,29.531555,6.233223
34.050003,34.050003,28.661057,30.87149,5.546305
34.050003,34.050003,30.420685,33.183197,3.1439817
34.069992,34.069992,31.885544,34.149887,1.8103486
34.70999,34.70999,33.735092,35.673553,1.2503877
34.70999,34.70999,35.55484,37.11647,2.5018632
34.589996,34.589996,36.64824,37.309998,3.1894822
34.589996,34.589996,37.085922,36.87419,3.0530012
34.679993,34.679993,36.866806,35.954346,2.1925848
34.679993,34.679993,35.669647,33.82843,1.1806802
34.70999,34.70999,33.863037,31.508224,3.2794263
34.42,34.42,32.067673,30.079025,4.7747087
34.42,34.42,30.33171,29.113892,6.3416786
33.90001,33.90001,29.041992,28.940033,6.4623814
33.90001,33.90001,28.270416,29.377014,6.58779
33.889984,33.889984,27.990372,29.793976,6.470357
33.72,33.72,28.440704,30.87622,5.2903166
33.72,33.72,29.03238,31.439392,4.5603356
33.710007,33.710007,29.65274,31.600891,4.0140524
33.710007,33.710007,30.315292,31.801392,3.4338186
33.710007,33.710007,30.825165,31.913788,3.017204
33.809998,33.809998,31.281631,31.936111,2.8319283
33.809998,33.809998,31.054688,31.014618,3.6362576
33.51999,33.51999,30.635422,30.158676,4.159253
33.51999,33.51999,28.872086,27.399597,7.3127904
33.20999,33.20999,27.222519,25.653595,9.176566
33.20999,33.20999,23.853271,21.180542,14.610979
33.310013,33.310013,21.04721,18.725403,18.24648
33.589996,33.589996,19.768997,19.355682,18.818886
33.589996,33.589996,20.401947,22.745483,15.870912
34.51001,34.51001,21.888977,25.769592,13.962017
34.51001,34.51001,24.19284,28.603073,10.5820265
36.14,36.14,26.442917,30.217316,10.038363
36.960007,36.960007,28.273468,30.500519,9.682695
36.960007,36.960007,29.895813,30.854675,8.459209
37.089996,37.089996,30.919128,30.605438,8.260823
37.089996,37.089996,31.310349,30.169128,8.425294
36.710007,36.710007,31.213959,29.560501,8.498747
36.710007,36.710007,30.784912,29.153214,9.041506
35.83,35.83,30.195175,28.866669,8.431026
34.910004,34.910004,29.562881,28.690796,7.6995454
34.910004,34.910004,28.894928,28.358719,8.311392
34.479996,34.479996,28.334534,28.129745,8.235853
34.479996,34.479996,27.58879,27.44844,9.179221
34.14,34.14,27.030685,27.132385,9.296037
34.369995,34.369995,26.726624,27.061981,9.820807
34.369995,34.369995,26.587082,27.109604,9.865097
33.940002,33.940002,26.602112,27.137909,9.279087
33.940002,33.940002,26.744095,27.28009,9.088931
33.78,33.78,26.938202,27.55075,8.564835
33.65001,33.65001,27.178848,27.752792,8.103847
33.65001,33.65001,27.424469,27.871796,7.870756
32.009995,32.009995,27.659973,27.94934,5.538314
32.009995,32.009995,27.720886,27.772446,5.6365247
30.029984,30.029984,27.71733,27.602875,3.1614926
30.029984,30.029984,27.463028,27.059845,3.7287765
27.62999,27.62999,27.196762,26.711044,0.99661845
25.169998,25.169998,26.9917,26.733902,2.2645988
25.169998,25.169998,27.086807,27.254868,2.7024775
22.700012,22.700012,27.275406,27.671082,6.4679923
22.700012,22.700012,28.108978,29.071533,8.014471
19.959991,19.959991,28.890884,29.900711,12.810621
17.130005,17.130005,30.68013,32.539215,19.673162
17.130005,17.130005,32.645706,34.86432,22.496334
14.639984,14.639984,34.099075,35.639603,27.29362
14.639984,14.639984,34.95041,35.59665,27.756273
12.539993,12.539993,35.188065,34.78911,30.262245
12.539993,12.539993,34.636,33.213608,28.880873
10.050003,10.050003,33.695084,31.869583,30.889835
8.289993,8.289993,32.0336,29.872208,30.989693
8.289993,8.289993,29.848373,27.535172,28.026207
7.5,7.5,27.991425,26.41156,27.147614
7.5,7.5,26.336609,25.671448,25.5419
7.2900085,7.2900085,25.305618,25.680878,25.16343
7.2499847,7.2499847,24.681274,25.787537,24.89288
7.2499847,7.2499847,24.859772,26.661331,25.629063
7.149994,7.149994,25.461609,27.637695,26.844427
7.149994,7.149994,25.890549,27.641861,27.1115
6.7900085,6.7900085,26.352707,27.604218,27.878292
6.7900085,6.7900085,26.70755,27.367569,27.9388
6.4400024,6.4400024,26.884491,27.011353,28.300703
6.029999,6.029999,27.021774,27.002762,28.961548
6.029999,6.029999,26.044083,24.98497,26.958256
5.6900024,5.6900024,25.090622,23.712769,25.946527
5.6900024,5.6900024,23.083435,20.993042,22.77037
4.75,4.75,21.401169,19.561584,21.967722
3.6599884,3.6599884,18.711243,16.486832,19.57274
3.6599884,3.6599884,15.103409,12.009171,14.070506
3.6599884,3.6599884,12.5889435,10.148834,10.981321
2.4999847,2.4999847,9.759308,7.435257,8.753626
1.1000061,1.1000061,8.274292,7.202957,9.40197
1.1000061,1.1000061,6.398224,5.3295746,6.7719593
-0.3899994,-0.3899994,3.73201,1.2817078,4.447877
-1.8700104,-1.8700104,2.3137817,0.07711792,4.6140537
-1.8700104,-1.8700104,0.64604187,-1.9941254,2.5177727
-3.5200043,-3.5200043,0.19326782,-1.8817444,4.0547295
-3.5200043,-3.5200043,-0.4605255,-2.76091,3.1477158
-4.7700043,-4.7700043,-0.16659546,-2.1927643,5.267972
-5.3200073,-5.3200073,-0.6361847,-3.583664,4.9819283
-5.3200073,-5.3200073,-1.6356659,-5.778885,3.6957042
-5.5200043,-5.5200043,-1.8787994,-5.9455414,3.6478703
-5.720001,-5.720001,-1.7960663,-5.625,3.9059024
-5.720001,-5.720001,-1.0716858,-4.1425476,4.8922467
-5.4900055,-5.4900055,-0.071136475,-2.5280914,6.163352
-5.4900055,-5.4900055,1.2445831,-0.76841736,8.215061
-5.4900055,-5.4900055,2.6791687,0.8779602,10.349366
-5.2099915,-5.2099915,4.0744324,2.2175293,11.882292
-4.8399963,-4.8399963,5.2938232,3.1648712,12.906715
-4.8399963,-4.8399963,6.0431824,3.4207,13.654987
-4.600006,-4.600006,6.560669,3.5574646,13.816105
-4.600006,-4.600006,6.6463165,3.3048248,13.738583
-3.8200073,-3.8200073,6.2234497,2.609253,11.9201145
-2.9199982,-2.9199982,5.815796,2.230484,10.138398
-2.9199982,-2.9199982,5.296356,1.9148407,9.530937
-1.949997,-1.949997,4.9291077,1.9179688,7.890856
-0.7899933,-0.7899933,4.197937,1.2612,5.3929596
-0.7899933,-0.7899933,3.034439,-0.26057434,3.8607714
0.6000061,0.6000061,2.2185364,-1.115921,2.3588321
0.6000061,0.6000061,1.8413849,-0.93362427,1.9730821
1.8999939,1.8999939,1.0901184,-1.7090759,3.698776
2.8400116,2.8400116,-0.17758179,-3.8073273,7.2994704
2.8400116,2.8400116,-1.0100708,-4.734329,8.495188
3.1200104,3.1200104,-2.2419739,-6.242264,10.785069
3.3899841,3.3899841,-3.924591,-8.45256,13.908755
3.3899841,3.3899841,-4.928665,-9.027496,14.931619
3.3899841,3.3899841,-6.291214,-10.476898,16.887745
3.2100067,3.2100067,-6.9405975,-10.664505,17.163647
3.2100067,3.2100067,-7.6212463,-11.215866,18.00615
3.1900024,3.1900024,-8.060043,-11.563202,18.515812
3.180008,3.180008,-7.8969727,-11.031006,17.984428
3.180008,3.180008,-7.3576965,-10.127563,16.947632
3.0299988,3.0299988,-6.635971,-8.978729,15.396255
2.8099823,2.8099823,-5.759613,-7.788162,13.616512
2.8099823,2.8099823,-4.6299286,-6.4308777,11.856223
2.7999878,2.7999878,-3.596939,-5.390976,10.388548
2.7599945,2.7599945,-2.7637634,-4.619217,9.214926
2.7599945,2.7599945,-1.9874268,-3.8733826,8.15555
2.7599945,2.7599945,-1.1939545,-3.0372925,7.0163507
2.830017,2.830017,-0.6578827,-2.348709,6.24306
2.8400116,2.8400116,-0.21870422,-2.0074158,5.7312126
2.8400116,2.8400116,-0.023101807,-1.8733368,5.5143414
2.880005,2.880005,0.51049805,-0.86550903,4.431642
3.0399933,3.0399933,1.4444275,0.8311615,2.724264
3.0399933,3.0399933,2.116806,1.7366486,1.5967941
3.25,3.25,3.1506653,3.1248016,0.15949038
3.25,3.25,4.5789795,5.132202,2.3020577
3.25,3.25,5.572815,5.935318,3.5454702
3.3799896,3.3799896,6.8578796,7.4374847,5.3335137
3.3799896,3.3799896,7.6226807,7.8495636,6.147842
3.3799896,3.3799896,8.715103,9.025833,7.744862
3.3300018,3.3300018,9.815552,10.257751,9.45592
3.3300018,3.3300018,10.308838,10.338715,9.8525715
3.1400146,3.1400146,10.416504,9.963104,9.937174
2.9799957,2.9799957,10.206924,9.317215,9.577806
2.9799957,2.9799957,9.606903,8.377808,8.519887
2.8700104,2.8700104,8.773117,7.360611,7.39709
2.7999878,2.7999878,7.7610474,6.3293304,6.074896
2.7999878,2.7999878,6.799759,5.499176,4.816335
2.6799927,2.6799927,5.999695,4.979889,4.032306
2.6200104,2.6200104,5.4127655,4.5435486,3.3865106
2.6200104,2.6200104,5.059204,4.3447876,2.9836688
2.9199982,2.9199982,4.7681885,4.068115,2.1729481
2.9199982,2.9199982,4.5515137,3.7564697,1.8308797
2.9199982,2.9199982,4.447357,3.666748,1.6978894
3.0099945,3.0099945,4.465378,3.67836,1.599121
2.930008,2.930008,4.5328674,3.686905,1.7702307
2.930008,2.930008,4.648758,3.6852722,1.8747147
3.019989,3.019989,4.7665253,3.6853485,1.8662398
3.130005,3.130005,4.8586426,3.851654,1.870116
3.130005,3.130005,4.9228363,3.9533691,1.9697069
3.3799896,3.3799896,4.9601746,4.0150146,1.6998478
3.7200165,3.7200165,4.979355,4.0606537,1.3016098
3.7200165,3.7200165,5.0967407,4.31308,1.4958019
4.0700073,4.0700073,5.204315,4.2660065,1.1482472
4.0700073,4.0700073,5.3404083,4.4754333,1.3301624
4.0700073,4.0700073,5.4357147,4.588272,1.4570996
4.1900024,4.1900024,5.4979095,4.5829315,1.3618562
4.080002,4.080002,5.6480255,4.6230774,1.6551667
4.080002,4.080002,5.7227173,4.546112,1.7030683
3.6699982,3.6699982,5.7544556,4.5007477,2.2389581
3.399994,3.399994,5.708359,4.4721375,2.5402174
3.399994,3.399994,5.660248,4.454117,2.4892354
3.2899933,3.2899933,5.43486,4.2190857,2.3332195
3.3599854,3.3599854,5.1268005,3.8562927,1.8318415
3.3599854,3.3599854,4.827713,3.6483002,1.493052
2.6799927,2.6799927,4.48674,3.289978,1.9046453
2.6799927,2.6799927,4.293915,3.077713,1.660361
2.6799927,2.6799927,4.183563,3.022705,1.5404036
1.9500122,1.9500122,4.0674133,2.758957,2.265031
1.8899841,1.8899841,4.062622,2.7929382,2.351186
1.8899841,1.8899841,4.0839386,2.8078613,2.3765225
1.8199921,1.8199921,4.401932,3.4339752,3.0425315
1.7799988,1.7799988,4.755615,3.7973175,3.5918865
1.7799988,1.7799988,5.0332184,4.018341,3.9453104
1.7000122,1.7000122,5.2263184,4.161072,4.2961893
1.5699921,1.5699921,5.3403625,4.1805573,4.5817614
1.5699921,1.5699921,5.406189,4.1911316,4.641862
1.4400024,1.4400024,5.3663483,4.197418,4.7936673
1.4400024,1.4400024,5.426819,4.2371216,4.8658266
1.4400024,1.4400024,5.421234,4.260727,4.874797
1.4600067,1.4600067,5.5206757,4.406723,5.0125475
1.7599945,1.7599945,5.8421936,5.0259857,5.221909
1.7599945,1.7599945,6.1176453,5.3824463,5.6596003
1.5399933,1.5399933,6.4910126,5.7929535,6.5183353
1.3600159,1.3600159,6.7796173,6.0363617,7.1485534
1.3600159,1.3600159,6.910858,5.9096527,7.167327
1.9099884,1.9099884,7.0335693,5.988327,6.53819
2.3399963,2.3399963,6.8789673,5.6084137,5.5839148
2.3399963,2.3399963,6.6393433,5.302658,5.2130084
2.5900116,2.5900116,6.151886,4.6598816,4.1133265
2.5900116,2.5900116,5.4489136,3.4829712,2.9912043
2.5900116,2.5900116,4.8293457,2.973404,2.2693474
2.4299927,2.4299927,4.4451447,2.716095,2.0333617
2.6100006,2.6100006,4.278839,2.9084625,1.6933883
2.6100006,2.6100006,4.277237,3.0878296,1.7322354
2.6399994,2.6399994,3.9261932,2.5811157,1.2861834
2.380005,2.380005,3.6901245,2.2185516,1.3190826
2.380005,2.380005,3.6021423,2.2731323,1.2258902
2.199997,2.199997,3.1554565,1.4755402,1.1987729
2.199997,2.199997,2.839386,0.95469666,1.3996965
2.3099976,2.3099976,2.6923218,0.8911743,1.4694035
2.3099976,2.3099976,2.6158447,0.9709625,1.3735884
2.5800018,2.5800018,2.6489716,1.2093048,1.3723056
2.5800018,2.5800018,2.8148193,1.5167999,1.0887642
2.4599915,2.4599915,3.0321655,1.9015808,0.79917383
2.4599915,2.4599915,3.1503754,1.9057922,0.8847019
2.2799988,2.2799988,3.276291,1.8478241,1.085344
2.2799988,2.2799988,3.2510986,1.783783,1.0902011
2.4199982,2.4199982,3.2487183,1.7434998,1.0695434
2.4199982,2.4199982,3.2506409,1.7194214,1.0862451
2.3899994,2.3899994,3.2933197,1.7045746,1.1334965
2.0200043,2.0200043,3.569336,2.333435,1.5795431
2.0200043,2.0200043,3.860382,2.8596191,2.0213914
1.8600006,1.8600006,3.9691162,2.889389,2.345435
1.8600006,1.8600006,3.9009857,2.702942,2.2066433
1.8600006,1.8600006,3.8033447,2.5269775,2.0532844
1.5499878,1.5499878,4.0131836,2.9921722,2.8526585
1.2200012,1.2200012,4.4932556,3.8613129,4.203328
1.2200012,1.2200012,4.899811,4.379486,4.8464217
1.0700073,1.0700073,5.437027,4.863556,5.7796044
1.0700073,1.0700073,5.787674,4.9884796,6.127015
0.23001099,0.23001099,5.9347687,4.909897,7.3730454
0.23001099,0.23001099,5.8232117,4.3805847,6.960381
-0.5299988,-0.5299988,5.680237,4.200165,7.8025284
-0.5299988,-0.5299988,5.486252,4.075287,7.572948
-0.8699951,-0.8699951,5.264969,3.994049,7.8259883
-0.8699951,-0.8699951,4.928467,3.53125,7.277235
-1.5800018,-1.5800018,4.6518097,3.260971,7.8891892
-1.5800018,-1.5800018,4.3468475,2.8718872,7.411109
-2.2799988,-2.2799988,4.128113,2.547943,8.021743
-2.2799988,-2.2799988,3.9988708,2.6997223,8.012291
-3.100006,-3.100006,3.9867554,2.7785034,9.205132
-3.100006,-3.100006,4.244507,3.3501892,9.7718935
-3.75,-3.75,4.55072,3.775055,11.199534
-3.949997,-3.949997,4.69223,3.8160553,11.613995
-3.949997,-3.949997,4.7669067,3.7791443,11.6451
-4.1600037,-4.1600037,4.6805115,3.4458923,11.6570215
-4.1600037,-4.1600037,4.533554,3.0609436,11.296581
-4.970001,-4.970001,4.5028687,3.0566864,12.409311
-4.970001,-4.970001,4.505081,3.2213593,12.518037
-5.1600037,-5.1600037,4.5164795,3.4352875,12.935077
-5.1600037,-5.1600037,4.177597,2.7806091,12.250151
-5.3600006,-5.3600006,3.8714294,2.4125671,12.0600605
-5.3600006,-5.3600006,3.64003,2.1520538,11.715443
-5.3600006,-5.3600006,3.543213,2.088684,11.600587
-6.1600037,-6.1600037,3.5656586,2.2318115,12.834734
-6.1600037,-6.1600037,3.3794556,1.958435,12.515389
-7.2400055,-7.2400055,3.0410614,1.3675385,13.390757
-7.2400055,-7.2400055,2.7753296,1.1157074,13.025329
-8.289993,-8.289993,2.5242157,0.8165436,14.111325
-9.160004,-9.160004,2.407837,0.90885925,15.302085
-9.160004,-9.160004,1.8322906,-0.16897583,14.163884
-9.160004,-9.160004,1.3980713,-0.5871277,13.562778
-9.789993,-9.789993,0.6921997,-1.5757904,13.269402
-9.789993,-9.789993,0.20466614,-1.9581146,12.65005
-11.210007,-11.210007,-0.23242188,-2.3052368,14.066953
-12.720001,-12.720001,-0.35586548,-2.1506653,16.172945
-12.720001,-12.720001,-0.71417236,-2.6761017,15.5576725
-14.389999,-14.389999,-0.8753357,-2.7953644,17.672958
-15.820007,-15.820007,-1.2495728,-3.4989624,18.900541
-15.820007,-15.820007,-1.4213715,-3.7095642,18.632534
-17.690002,-17.690002,-1.9174194,-4.3207703,20.424864
-19.520004,-19.520004,-2.2058105,-4.3545685,22.692394
-19.520004,-19.520004,-2.6828918,-5.125839,21.818478
-20.410004,-20.410004,-3.049118,-5.483856,22.518156
-20.410004,-20.410004,-3.120453,-5.3786163,22.538523
-20.410004,-20.410004,-3.0612335,-5.0145874,22.832506
-21.940002,-21.940002,-2.7943878,-4.434311,25.506727
-22.930008,-22.930008,-3.017868,-4.8203278,26.414656
-22.930008,-22.930008,-3.1331024,-5.2362366,26.0396
-23.070007,-23.070007,-3.219284,-5.47641,25.998384
-22.119995,-22.119995,-3.1596985,-5.4265747,24.794453
-22.119995,-22.119995,-3.1547241,-5.0919495,25.032057
-21.009995,-21.009995,-3.0415955,-4.8837585,23.753521
-20.51001,-20.51001,-2.83049,-4.4746704,23.510017
-20.51001,-20.51001,-3.1195984,-5.0451202,22.90553
-20.059998,-20.059998,-3.359848,-5.5155945,21.795147
-20.059998,-20.059998,-4.1827545,-6.878952,20.268942
-20.520004,-20.520004,-4.875885,-7.635666,19.875172
-20.520004,-20.520004,-5.976837,-9.125259,18.073221
-21.440002,-21.440002,-7.2946167,-10.826248,17.220896
-21.440002,-21.440002,-8.174866,-11.317596,16.243307
-22.380005,-22.380005,-8.509903,-11.041016,17.442535
-22.380005,-22.380005,-8.730316,-10.945618,17.347975
-22.440002,-22.440002,-8.59404,-10.5177,17.819979
-22.440002,-22.440002,-9.14624,-11.6267395,16.667593
-22.84999,-22.84999,-10.485565,-14.084122,14.627637
-23.429993,-23.429993,-11.493118,-15.250549,13.907475
-23.429993,-23.429993,-13.064835,-17.325333,11.46817
-24.020004,-24.020004,-14.96843,-19.704605,9.440483
-23.940002,-23.940002,-16.112488,-20.577606,7.98436
-23.940002,-23.940002,-17.607422,-22.185257,6.0841823
-23.679993,-23.679993,-19.533646,-24.740753,3.9273512
-23.149994,-23.149994,-20.568512,-25.41745,3.2675848
-23.149994,-23.149994,-21.264557,-25.691635,3.066948
-22.23999,-22.23999,-21.13681,-24.59523,2.5636113
-22.23999,-22.23999,-20.3414,-22.779114,1.8350438
-22.23999,-22.23999,-20.156769,-22.76941,1.9960597
-21.669998,-21.669998,-20.410278,-23.650223,2.2961838
-20.830002,-20.830002,-20.392578,-23.845001,3.0420167
-20.830002,-20.830002,-20.14772,-23.373993,2.6214447
-19.800003,-19.800003,-19.093933,-21.32277,1.6600074
-19.800003,-19.800003,-17.91832,-19.480453,1.8008105
-16.869995,-16.869995,-16.107239,-16.579803,0.7863386
-16.869995,-16.869995,-14.189941,-13.860672,3.9663987
-14.119995,-14.119995,-12.734711,-12.49942,2.1078434
-14.119995,-14.119995,-11.602371,-11.464996,3.6159544
-10.960007,-10.960007,-11.022659,-11.434982,0.47928956
-10.960007,-10.960007,-11.2109375,-12.369583,1.4308078
-8.690002,-8.690002,-11.767807,-13.426239,5.6169496
-8.690002,-8.690002,-13.113144,-15.481857,8.05052
-6.4600067,-6.4600067,-14.438034,-16.875702,13.013035
-6.4600067,-6.4600067,-16.122742,-18.745987,15.474679
-4.4100037,-4.4100037,-17.341644,-19.770142,19.867134
-4.4100037,-4.4100037,-18.021072,-19.83757,20.343071
-2.2599945,-2.2599945,-18.207108,-19.372894,23.154228
0.02999878,0.02999878,-18.250122,-19.053131,26.188847
0.02999878,0.02999878,-18.432022,-19.332642,26.507637
1.3099976,1.3099976,-18.422974,-19.472763,28.407976
1.3099976,1.3099976,-18.605377,-19.771149,28.740236
1.9600067,1.9600067,-18.5766,-19.641068,29.547113
3.1600037,3.1600037,-18.35788,-19.291168,30.848988
3.1600037,3.1600037,-17.873276,-18.488815,29.960518
4.3200073,4.3200073,-17.077728,-17.24524,30.19079
4.970001,4.970001,-16.326706,-16.209381,29.873508
4.970001,4.970001,-15.213211,-14.622894,28.005123
5.4099884,5.4099884,-14.309357,-13.66452,27.331524
5.4099884,5.4099884,-13.744095,-13.36319,26.724583
5.449997,5.449997,-13.196335,-12.859192,26.047144
5.449997,5.449997,-12.38382,-11.776306,24.726423
5.369995,5.369995,-11.89595,-11.333038,23.96167
5.369995,5.369995,-11.097916,-10.230103,22.63577
5.3200073,5.3200073,-10.60849,-9.781464,21.906784
5.3200073,5.3200073,-8.601959,-6.319153,18.127577
5.3200073,5.3200073,-6.983383,-4.196701,15.542781
5.1100006,5.1100006,-4.28479,-0.4144745,10.88875
5.1100006,5.1100006,-2.4014893,1.2426147,8.437034
4.8299866,4.8299866,0.5202179,4.9546204,4.2958245
4.8299866,4.8299866,2.3991547,6.149475,2.755982
4.7299957,4.7299957,4.5114594,8.082382,3.3593454
4.7299957,4.7299957,5.472519,7.9982147,3.350475
5.25,5.25,6.738327,9.268829,4.2813478
5.25,5.25,7.024658,8.832535,3.9919405
5.5200043,5.5200043,7.7801514,9.854355,4.878613
5.5200043,5.5200043,7.8200073,9.43457,4.530126
5.630005,5.630005,8.570023,10.630447,5.7852993
5.630005,5.630005,10.254105,13.390106,8.999074
5.699997,5.699997,11.306717,14.288971,10.20762
5.699997,5.699997,12.313705,15.005432,11.349702
6.4900055,6.4900055,12.4921875,14.295273,9.783436
6.4900055,6.4900055,12.346115,13.35582,8.9649725
8.069992,8.069992,12.422043,13.315659,6.76686
8.919998,8.919998,12.072113,12.636688,4.8372374
8.919998,8.919998,12.163452,12.991486,5.168352
9.410004,9.410004,12.301132,13.313019,4.8232856
10.449997,10.449997,12.086243,12.847977,2.884119
10.449997,10.449997,11.8858185,12.502533,2.4885275
11.619995,11.619995,11.458862,11.895981,0.31775182
12.400009,12.400009,10.886505,11.062973,1.9958636
12.400009,12.400009,10.157639,10.094376,3.1862886
12.600006,12.600006,9.433395,9.036407,4.729653
11.889999,11.889999,8.747437,8.28035,4.753821
11.889999,11.889999,8.041153,7.664551,5.677441
10.520004,10.520004,7.48909,7.177231,4.4877715
10.520004,10.520004,7.0872498,6.9486847,4.925651
10.070007,10.070007,6.7411804,6.4667664,4.8818245
10.070007,10.070007,6.5281982,6.125824,5.27704
9.940002,9.940002,6.197296,5.623993,5.6896486
9.940002,9.940002,5.9598236,5.436493,5.9859233
9.23999,9.23999,5.8190002,5.3535004,5.158866
9.23999,9.23999,5.807907,5.371109,5.1528997
8.230011,8.230011,6.249954,6.150589,2.8604705
8.230011,8.230011,6.723419,6.6667633,2.1622937
3.5299988,3.5299988,7.218582,7.0068665,5.057181
3.5299988,3.5299988,7.5941315,7.2317047,5.4834785
2.469986,2.469986,7.905365,7.3432007,7.2840533
2.469986,2.469986,8.040451,7.198578,7.2904606
1.7400055,1.7400055,8.0338745,6.969452,8.167218
1.7400055,1.7400055,7.931488,6.6369476,7.87948
0.34999084,0.34999084,8.344223,7.554779,10.743728
0.34999084,0.34999084,8.72348,8.128128,11.407103
-1.0299988,-1.0299988,10.0095825,10.323181,15.797467
-1.0299988,-1.0299988,11.681992,12.672852,18.625404
-2.1900024,-2.1900024,12.891968,13.805435,21.896715
-2.1900024,-2.1900024,13.891144,14.385101,22.990223
-2.1699982,-2.1699982,14.899033,15.23851,24.254894
-2.1699982,-2.1699982,15.351807,15.226196,24.560423
-2.7799988,-2.7799988,16.07956,15.85202,26.362036
-2.7799988,-2.7799988,16.955322,17.10646,27.835016
-2.8300018,-2.8300018,17.36911,17.273682,28.307402
-2.8300018,-2.8300018,17.406128,16.813583,28.019484
-2.5399933,-2.5399933,16.507126,15.010742,25.760193
-2.5399933,-2.5399933,15.352188,13.334747,23.815786
-1.9100037,-1.9100037,13.238403,10.431061,19.483408
-1.9100037,-1.9100037,11.272888,8.570969,16.809568
-1.5499878,-1.5499878,9.427856,7.1535187,13.990792
-1.5499878,-1.5499878,8.187973,6.7273254,12.76645
-1.3099976,-1.3099976,7.567642,6.8762817,12.062611
-1.3099976,-1.3099976,7.541336,7.380371,12.389399
-1.1799927,-1.1799927,7.4244995,7.3105164,12.073816
-1.1799927,-1.1799927,7.574127,7.3078766,12.178594
-0.9900055,-0.9900055,7.2487946,6.2434998,10.952977
-0.9900055,-0.9900055,7.0206757,5.5622406,10.340713
-1.4300079,-1.4300079,3.8172607,-0.64105225,5.3053703
-1.4300079,-1.4300079,0.9215698,-4.5574646,3.9107625
-2.0599976,-2.0599976,-1.7802887,-7.114029,5.0617504
-2.0599976,-2.0599976,-3.360611,-7.4693756,5.562394
-2.2400055,-2.2400055,-4.2015076,-6.9704742,5.1183724
-2.2400055,-2.2400055,-4.0563507,-5.406708,3.6485145
-3.8600006,-3.8600006,-4.0772095,-5.276016,1.4324481
-3.8600006,-3.8600006,-3.6074219,-4.8311768,1.003272
-4.9600067,-4.9600067,-3.6680298,-5.6937866,1.4809446
-4.9600067,-4.9600067,-3.4228363,-5.8451843,1.7679075
-5.7400055,-5.7400055,-3.670044,-6.8760834,2.35027
-5.7400055,-5.7400055,-3.705017,-6.988083,2.3765225
-6.3600006,-6.3600006,-3.4355164,-6.351959,2.9064982
-6.3600006,-6.3600006,-2.9105988,-5.4343414,3.5537446
-7.130005,-7.130005,-2.6602936,-5.1910706,4.848281
-7.130005,-7.130005,-2.3416595,-4.7913666,5.3053703
-7.4299927,-7.4299927,-1.949585,-4.1680756,6.3529224
-7.4299927,-7.4299927,-1.4943085,-3.5090485,7.090275
-7.669998,-7.669998,-0.88423157,-2.577179,8.460788
-7.669998,-7.669998,-0.36427307,-1.9956512,9.227606
-7.8099976,-7.8099976,0.50509644,-0.7421417,10.891354
-7.8099976,-7.8099976,1.2392273,0.0066070557,11.936473
-7.8200073,-7.8200073,1.9704132,0.86183167,13.064757
-7.8200073,-7.8200073,2.425293,1.0985107,13.562108
-7.869995,-7.869995,2.798706,1.4457397,14.141899
-7.869995,-7.869995,2.899643,1.368393,14.167066
-8.100006,-8.100006,2.9527893,1.3851776,14.540673
-8.100006,-8.100006,2.8471375,1.3141327,14.414342
-8.570007,-8.570007,2.7685394,1.3050385,15.007996
-8.570007,-8.570007,2.6490784,1.2063904,14.85318
-10.01001,-10.01001,2.201477,0.5775299,16.117493
-10.01001,-10.01001,1.7573547,0.14389038,15.497639
-11.720001,-11.720001,1.0192413,-0.9081116,16.634903
-11.720001,-11.720001,0.43270874,-1.6128387,15.730593
-13.910004,-13.910004,-0.08061218,-2.0196228,18.117104
-13.910004,-13.910004,-0.37319946,-1.9944458,17.916903
-16.309998,-16.309998,-1.516861,-3.8662262,19.131609
-16.309998,-16.309998,-2.4669342,-5.088028,17.614513
-18.339996,-18.339996,-3.71138,-6.663681,18.423914
-18.339996,-18.339996,-4.536209,-7.3325653,17.367046
-19.800003,-19.800003,-5.342163,-7.9832153,18.322872
-19.800003,-19.800003,-5.705612,-7.8214264,18.164686
-23.309998,-23.309998,-5.9812775,-7.8932953,22.671608
-23.309998,-23.309998,-5.887268,-7.6536713,22.906769
-25.190002,-25.190002,-6.024002,-7.979904,25.10194
-25.190002,-25.190002,-5.950989,-7.9317474,25.186953
-27.009995,-27.009995,-5.9176025,-7.8245544,27.708498
-27.009995,-27.009995,-5.718155,-7.553726,28.040964
-28.779999,-28.779999,-5.4947205,-7.3361816,30.686747
-28.779999,-28.779999,-5.2092743,-7.007248,31.120554
-29.980011,-29.980011,-4.9895477,-6.7461243,33.031776
-29.980011,-29.980011,-4.79541,-6.388962,33.426105
-30.339996,-30.339996,-4.553772,-6.1674347,34.220963
-30.339996,-30.339996,-4.3263397,-5.8438873,34.6129
-30.770004,-30.770004,-4.1762543,-5.827179,35.284378
-30.770004,-30.770004,-4.089752,-5.8107605,35.35396
-30.880005,-30.880005,-4.1042175,-5.830826,35.472248
-30.880005,-30.880005,-4.145096,-5.9084167,35.387302
-30.740005,-30.740005,-4.541397,-6.4432526,34.544342
-30.740005,-30.740005,-4.892685,-6.745117,34.08653
-30.740005,-30.740005,-6.031372,-8.547272,31.994223
-30.350006,-30.350006,-6.988678,-9.75206,29.962618
-29.990005,-29.990005,-8.713562,-12.199387,26.558453
-29.990005,-29.990005,-9.970795,-13.2621155,24.94055
-29.130005,-29.130005,-12.074066,-16.152313,20.354946
-29.130005,-29.130005,-13.523514,-17.2715,18.57537
-29.029999,-29.029999,-15.7291565,-20.263687,14.913529
-29.029999,-29.029999,-17.08754,-21.447021,13.18458
-28.740005,-28.740005,-18.831451,-23.41626,10.364013
-28.740005,-28.740005,-19.671463,-23.721756,9.552774
-28.580002,-28.580002,-20.488647,-24.526062,8.292518
-28.580002,-28.580002,-20.544891,-24.06018,8.499186
-27.919998,-27.919998,-22.177979,-27.201477,5.1403365
-27.919998,-27.919998,-23.263855,-28.631256,4.1614656
-27.800003,-27.800003,-24.781494,-30.779724,3.9756207
-27.800003,-27.800003,-25.466827,-31.034576,3.8197238
-27.0,-27.0,-26.442612,-31.88713,4.911192
-27.0,-27.0,-26.685455,-31.358368,4.3669972
-24.049988,-24.049988,-27.343582,-32.110687,8.56699
-24.049988,-24.049988,-27.442932,-31.660995,8.179325
-23.669998,-23.669998,-27.759064,-31.978088,9.058615
-23.669998,-23.669998,-27.593674,-31.457336,8.526823
-23.380005,-23.380005,-27.23227,-30.699188,8.081698
-23.380005,-23.380005,-26.585617,-29.484573,6.74471
-22.779999,-22.779999,-26.010345,-28.633682,6.5363903
-22.779999,-22.779999,-25.376389,-27.673416,5.4273696
-22.290009,-22.290009,-24.81343,-26.719254,4.988609
-22.290009,-22.290009,-24.270096,-25.993607,4.1207
-22.059998,-22.059998,-23.745865,-25.114548,3.422911
-22.059998,-22.059998,-23.33162,-24.445892,2.656528
-21.570007,-21.570007,-23.021942,-24.092743,2.8556075
-21.570007,-21.570007,-22.501404,-23.115524,1.769346
-21.600006,-21.600006,-21.897781,-22.14653,0.6122975
-21.600006,-21.600006,-21.46202,-21.55603,0.13562092
-21.570007,-21.570007,-20.6167,-20.122635,1.6996175
-21.570007,-21.570007,-19.964783,-19.268814,2.749226
-21.529999,-21.529999,-19.5849,-18.858673,3.2354321
-21.529999,-21.529999,-19.487457,-19.004517,3.1699648
-21.100006,-21.100006,-19.44255,-19.100586,2.5338137
-21.100006,-21.100006,-19.505554,-19.166885,2.4449658
-20.800003,-20.800003,-19.587524,-19.335098,1.8554071
-20.800003,-20.800003,-19.72023,-19.44754,1.690265
-18.539993,-18.539993,-19.486237,-18.926208,0.9757846
-18.539993,-18.539993,-19.3172,-18.563156,0.73754424
-17.449997,-17.449997,-19.13382,-18.359772,1.842494
-17.449997,-17.449997,-19.05275,-18.323868,1.7579166
-15.940002,-15.940002,-18.557144,-17.483139,2.9433746
-15.940002,-15.940002,-18.141815,-17.186798,2.4512022
-14.059998,-14.059998,-16.076935,-13.482727,2.0422935
-14.059998,-14.059998,-14.2764435,-11.017929,3.0494082
-11.610001,-11.610001,-12.836319,-9.573303,2.3667843
-11.610001,-11.610001,-12.101471,-9.730331,1.9407796
-5.9400024,-5.9400024,-11.832977,-10.336945,7.3038507
-5.9400024,-5.9400024,-12.133682,-11.411377,8.209372
-3.1900024,-3.1900024,-12.3875885,-11.82341,12.550642
-3.1900024,-3.1900024,-12.844635,-12.330658,13.223258
-0.75,-0.75,-13.171616,-12.4626465,16.996466
-0.75,-0.75,-13.516907,-12.845581,17.503738
1.3199921,1.3199921,-13.694641,-12.936905,20.620043
1.3199921,1.3199921,-13.902893,-13.122543,20.895042
3.180008,3.180008,-13.752518,-12.83725,23.223213
3.180008,3.180008,-13.623322,-12.794098,23.101234
4.950012,4.950012,-13.624496,-13.141281,25.838448
4.950012,4.950012,-13.687607,-13.351944,26.027796
8.069992,8.069992,-13.796692,-13.557541,30.644106
8.069992,8.069992,-13.944931,-13.970261,31.033718
9.220001,9.220001,-14.117416,-14.220825,32.945217
9.220001,9.220001,-14.29538,-14.316071,33.135483
9.899994,9.899994,-14.144012,-13.819061,33.640717
9.899994,9.899994,-13.970886,-13.56131,33.341232
10.279999,10.279999,-13.712128,-13.054031,33.342846
10.279999,10.279999,-13.500122,-12.935638,33.111374
11.170013,11.170013,-11.918274,-10.202179,31.36221
11.170013,11.170013,-10.499802,-8.323639,29.06433
11.790009,11.790009,-8.876022,-6.2993774,27.381414
11.790009,11.790009,-7.789871,-5.7095337,26.18222
10.860001,10.860001,-6.2928314,-4.170273,22.746782
10.860001,10.860001,-5.4188385,-3.6864166,21.77421
9.440002,9.440002,-4.049652,-1.9301758,17.602966
9.440002,9.440002,-3.2639008,-1.4021912,16.663116
7.369995,7.369995,-1.5471497,1.0985718,10.878024
7.369995,7.369995,-0.479599,2.0092773,9.481309
6.4900055,6.4900055,3.4846191,8.742035,3.7341812
6.4900055,6.4900055,6.623291,12.283463,5.7949467
4.9600067,4.9600067,10.205154,16.181152,12.3452635
4.9600067,4.9600067,12.260849,16.725739,13.771172
2.4299927,2.4299927,14.274719,17.844803,19.3042
2.4299927,2.4299927,14.854553,16.874039,18.915043
-0.6499939,-0.6499939,15.578384,17.051147,23.856028
-0.6499939,-0.6499939,15.251877,15.851303,22.779282
-3.6500092,-3.6500092,15.237366,16.017685,27.125174
-3.6500092,-3.6500092,14.573639,15.165726,26.071175
-7.1100006,-7.1100006,14.557831,15.897385,31.458378
-7.1100006,-7.1100006,14.172272,15.561752,30.958849
-10.25,-10.25,15.498428,18.399399,38.29232
-10.25,-10.25,16.49585,19.62146,39.827393
-13.139999,-13.139999,17.548248,20.462204,45.16007
-13.139999,-13.139999,17.952118,19.742691,44.91889
-15.550003,-15.550003,18.080734,19.14746,47.945232
-15.550003,-15.550003,17.631363,17.75241,46.671898
-17.39,-17.39,16.94455,16.550385,47.915146
-18.220001,-18.220001,16.005386,15.409607,47.618656
-18.220001,-18.220001,15.627457,15.594055,47.48415
-18.84999,-18.84999,15.214432,15.408157,47.93621
-18.84999,-18.84999,15.06955,15.680115,48.027714
-20.049988,-20.049988,14.878693,15.441238,49.37577
-20.049988,-20.049988,14.017914,13.9079895,47.70484
-20.540009,-20.540009,13.110916,12.496735,46.754894
-20.540009,-20.540009,11.32373,9.638931,43.50304
-21.449997,-21.449997,9.759857,7.887085,42.411003
-21.449997,-21.449997,7.2445374,4.4425964,38.218636
-21.619995,-21.619995,5.282364,2.711441,35.837337
-21.619995,-21.619995,3.545166,1.3740997,33.66078
-21.5,-21.5,2.6237335,1.3541107,32.83226
-21.5,-21.5,1.4584808,0.07606506,31.104137
-21.840012,-21.840012,0.96717834,-0.0868988,31.105701
-21.840012,-21.840012,-0.50627136,-2.6419678,28.25487
-22.279999,-22.279999,-1.4365387,-3.863205,27.33174
-22.279999,-22.279999,-3.7077942,-7.61438,23.124186
-22.699997,-22.699997,-5.253067,-9.366821,21.382055
-22.699997,-22.699997,-7.90036,-12.919403,17.130749
-22.569992,-22.569992,-9.546951,-14.221893,14.898767
-22.569992,-22.569992,-12.255157,-17.890778,10.745449
-22.269989,-22.269989,-13.783783,-18.97403,8.596902
-22.290009,-22.290009,-16.118149,-21.970474,5.7257385
-22.290009,-22.290009,-17.216858,-22.594742,4.6986117
-22.789993,-22.789993,-18.921188,-24.879791,4.109516
-22.789993,-22.789993,-19.518082,-25.058273,3.7533762
-23.210007,-23.210007,-20.545181,-26.380585,3.9877195
-23.210007,-23.210007,-20.588577,-25.985825,3.6584826
-23.459991,-23.459991,-20.950165,-26.527603,3.8186984
-23.459991,-23.459991,-21.151047,-26.677017,3.836859
-24.40001,-24.40001,-20.690338,-25.636932,3.5817878
-24.40001,-24.40001,-20.073196,-24.45465,3.9397476
-25.089996,-25.089996,-19.071228,-22.847717,5.9383817
-25.089996,-25.089996,-18.621475,-22.675476,6.3873353
-24.809998,-24.809998,-18.103119,-22.058136,6.7395897
-24.809998,-24.809998,-17.81842,-21.706696,7.1320686
-25.089996,-25.089996,-17.460938,-21.061752,8.0898075
-25.089996,-25.089996,-17.575653,-21.410202,7.821222
-24.929993,-24.929993,-17.590836,-21.33722,7.6435966
-24.929993,-24.929993,-17.56955,-20.880768,7.8947105
-24.720001,-24.720001,-17.399536,-20.223892,8.119723
-24.720001,-24.720001,-17.03482,-19.245316,8.98275
-25.330002,-25.330002,-16.578384,-18.358078,10.698438
-25.330002,-25.330002,-16.28476,-18.018127,11.13367
-25.540009,-25.540009,-16.045334,-17.661453,11.823617
-25.789993,-25.789993,-16.134003,-18.066437,11.818682
-25.789993,-25.789993,-16.211136,-18.263123,11.63215
-26.229996,-26.229996,-16.525055,-18.762665,11.660064
-26.679993,-26.679993,-16.741638,-18.866348,12.033045
-26.679993,-26.679993,-16.78688,-18.64853,12.149372
-26.839996,-26.839996,-16.734375,-18.247223,12.675459
-26.839996,-26.839996,-16.33194,-17.366028,13.571324
-27.11,-27.11,-15.972122,-16.60147,14.724056
-27.11,-27.11,-15.651794,-16.186783,15.237482
-27.399994,-27.399994,-15.707504,-16.473907,15.376111
-27.399994,-27.399994,-15.815521,-16.77716,15.0836935
-29.050003,-29.050003,-16.212448,-17.598145,16.410322
-29.050003,-29.050003,-16.562958,-18.18161,15.758243
-29.729996,-29.729996,-16.99916,-18.701675,15.989564
-29.729996,-29.729996,-17.272095,-18.838135,15.712064
-30.409988,-30.409988,-18.009827,-19.820297,15.411671
-30.409988,-30.409988,-18.54892,-20.3517,14.677724
-30.89,-30.89,-19.251495,-21.139267,14.28102
-30.89,-30.89,-19.6539,-21.416672,13.820352
-31.14,-31.14,-19.599548,-20.736847,14.674811
-31.14,-31.14,-19.29779,-19.998459,15.413136
-31.779999,-31.779999,-19.062088,-19.521667,16.75561
-31.779999,-31.779999,-18.765106,-19.083618,17.270945
-32.54001,-32.54001,-18.420456,-18.697266,18.767546
-32.54001,-32.54001,-18.109283,-18.368622,19.20887
-32.58,-32.58,-17.664474,-17.979156,19.830513
-32.58,-32.58,-17.331055,-17.657867,20.280502
-33.039993,-33.039993,-17.518661,-18.328033,20.249561
-33.039993,-33.039993,-17.804153,-18.768814,19.738691
-32.809998,-32.809998,-18.229767,-19.199799,18.851688
-32.809998,-32.809998,-18.686829,-19.686676,18.20149
-32.680008,-32.680008,-19.037018,-19.891205,17.662483
-32.680008,-32.680008,-19.50383,-20.502457,16.91381
-32.559998,-32.559998,-20.121765,-21.342102,15.747148
-32.559998,-32.559998,-20.53769,-21.658493,15.253171
-31.429993,-31.429993,-20.743591,-21.732895,13.5989485
-31.429993,-31.429993,-20.71991,-21.43515,13.835226
-31.5,-31.5,-20.701813,-21.401047,13.963461
-31.5,-31.5,-20.559189,-21.087372,14.287
-31.299988,-31.299988,-20.586914,-21.347595,13.812887
-31.299988,-31.299988,-20.575104,-21.294327,13.859997
-30.979996,-30.979996,-21.588547,-23.200409,11.410763
-30.979996,-30.979996,-22.478119,-24.454239,9.954731
-30.15001,-30.15001,-23.482025,-25.670914,7.3987346
-30.15001,-30.15001,-24.106857,-25.895325,6.821362
-29.449997,-29.449997,-24.774261,-26.422379,5.1206307
-29.449997,-29.449997,-25.055298,-26.462097,4.89781
-29.26001,-29.26001,-25.237305,-26.531815,4.4807825
-29.26001,-29.26001,-25.150406,-26.09755,4.820645
-28.89,-28.89,-25.015,-25.827896,4.605981
-28.89,-28.89,-24.719849,-25.457901,5.053111
-28.39,-28.39,-24.81044,-25.653854,4.201231
-28.39,-28.39,-24.812637,-25.62439,4.2193255
-27.89,-27.89,-25.216522,-26.316208,2.85307
-27.89,-27.89,-25.519623,-26.520706,2.5137267
-27.65001,-27.65001,-25.68483,-26.498596,2.0946171
-27.65001,-27.65001,-25.671234,-26.304932,2.2177026
-27.059998,-27.059998,-25.796844,-26.406662,1.3035628
-27.059998,-27.059998,-25.781403,-26.320587,1.3605623
-26.539993,-26.539993,-25.525436,-25.752228,1.2039851
-26.539993,-26.539993,-25.183105,-25.171692,1.833977
-26.699997,-26.699997,-24.812393,-24.59967,2.7029846
-26.699997,-26.699997,-24.471222,-24.208984,3.2022238
-26.770004,-26.770004,-24.065872,-23.739853,3.8936503
-26.770004,-26.770004,-23.778366,-23.452408,4.2825828
-26.89,-26.89,-22.971115,-21.99504,6.0560207
-26.89,-26.89,-22.27211,-20.984802,7.256635
-27.320007,-27.320007,-21.839249,-20.672897,8.319067
-27.320007,-27.320007,-21.685913,-20.717773,8.367972
-27.350006,-27.350006,-21.647964,-20.856232,8.319232
-27.350006,-27.350006,-21.72873,-21.03714,8.130041
-27.180008,-27.180008,-21.714249,-21.046509,7.903582
-27.180008,-27.180008,-21.760025,-21.07425,7.855428
-26.679993,-26.679993,-21.350723,-20.279007,8.051325
-26.679993,-26.679993,-20.995102,-19.750793,8.674935
-26.130005,-26.130005,-20.32753,-18.773117,9.10049
-26.130005,-26.130005,-19.851807,-18.3096,9.739324
-26.589996,-26.589996,-19.528748,-18.12761,10.683306
-26.589996,-26.589996,-19.447678,-18.264847,10.619413
-26.649994,-26.649994,-19.334,-18.431595,10.633562
-26.649994,-26.649994,-19.376587,-18.549194,10.516178
-26.180008,-26.180008,-19.223633,-18.228058,10.227738
-26.180008,-26.180008,-19.146805,-18.178421,10.311697
-25.830002,-25.830002,-18.868454,-17.718353,10.367391
-25.830002,-25.830002,-18.6978,-17.578278,10.57745
-25.619995,-25.619995,-18.58319,-17.508728,10.416691
-25.619995,-25.619995,-18.573807,-17.750671,10.231815
-25.64,-25.64,-18.307907,-17.302795,10.767388
-25.64,-25.64,-18.135132,-17.058655,11.061404
-25.209991,-25.209991,-17.735336,-16.4151,11.225895
-25.209991,-25.209991,-17.469177,-16.21962,11.536282
-25.130005,-25.130005,-17.519821,-16.586365,11.109556
-25.130005,-25.130005,-17.72882,-17.142548,10.551484
-23.449997,-23.449997,-18.088348,-17.790527,7.5617447
-23.449997,-23.449997,-18.443283,-18.281921,6.9694214
-22.089996,-22.089996,-18.817871,-18.703217,4.5686607
-22.089996,-22.089996,-19.144714,-18.97879,4.1574163
-21.759995,-21.759995,-19.657547,-19.645096,2.8879175
-21.759995,-21.759995,-20.038727,-20.029495,2.3621488
-21.36,-21.36,-20.23059,-20.284058,1.5074006
-21.36,-21.36,-20.2753,-20.291107,1.4732605
-20.37001,-20.37001,-20.087158,-19.887436,0.55071914
-20.37001,-20.37001,-19.835602,-19.49118,1.0123975
-19.100006,-19.100006,-19.345001,-18.674927,0.48416385
-19.100006,-19.100006,-18.884537,-18.192871,0.9299906
-17.899994,-17.899994,-18.152573,-17.281693,0.66352355
-17.899994,-17.899994,-17.588531,-16.74057,1.1971395
-16.710007,-16.710007,-17.60698,-17.317139,1.050902
-16.710007,-16.710007,-17.834702,-17.977768,1.6610681
-14.279999,-14.279999,-18.18547,-18.392365,5.5632396
-14.279999,-14.279999,-18.546875,-18.75264,6.060357
-11.410004,-11.410004,-18.595322,-18.423157,9.864839
-11.410004,-11.410004,-18.581024,-18.09291,9.627085
-8.190002,-8.190002,-18.313965,-17.429169,13.511539
-8.190002,-8.190002,-18.018936,-17.2211,13.163001
-5.350006,-5.350006,-17.609726,-16.741516,16.552868
-5.350006,-5.350006,-17.34465,-16.642899,16.29867
0.42999268,0.42999268,-17.288864,-16.938004,24.62866
0.42999268,0.42999268,-17.347229,-17.203873,24.851467
3.3599854,3.3599854,-17.200287,-16.994705,28.747606
3.3599854,3.3599854,-17.131378,-16.892685,28.62972
5.200012,5.200012,-17.090698,-16.713043,31.077063
5.200012,5.200012,-17.074036,-16.791718,31.119074
4.8099976,4.8099976,-16.0439,-14.797852,28.490217
4.8099976,4.8099976,-15.131302,-13.406525,26.904276
2.7399902,2.7399902,-13.602432,-11.169403,21.395426
2.7399902,2.7399902,-12.459366,-10.205429,19.915474
1.9199829,1.9199829,-11.677216,-9.839249,17.9338
1.9199829,1.9199829,-11.424286,-10.328171,18.067617
1.1300049,1.1300049,-11.325027,-10.747833,17.162523
1.1300049,1.1300049,-11.559799,-11.312347,17.717955
0.18000793,0.18000793,-11.414825,-10.898895,15.986825
0.18000793,0.18000793,-11.44989,-10.884445,16.00212
-0.8500061,-0.8500061,-10.758255,-9.458862,13.08832
-0.8500061,-0.8500061,-10.253876,-8.680588,12.206536
-2.8899994,-2.8899994,-9.316025,-7.2492676,7.742986
-2.8899994,-2.8899994,-8.689148,-6.695221,6.918236
-5.350006,-5.350006,-7.637436,-5.576187,2.2882428
-5.350006,-5.350006,-7.0009003,-5.3059387,1.6443723
-6.919998,-6.919998,-5.221817,-2.5856476,4.6529055
-6.919998,-6.919998,-3.946701,-1.3681335,6.293668
-8.75,-8.75,-1.5205231,2.1295624,13.049793
-8.75,-8.75,0.11177063,3.4881134,15.094241
-9.550003,-9.550003,2.9106445,7.1023254,20.770178
-9.550003,-9.550003,4.734207,8.415527,22.915094
-9.98999,-9.98999,7.236557,11.167801,27.22111
-9.98999,-9.98999,8.579727,11.6206665,28.419674
-10.110001,-10.110001,12.456177,17.534378,35.51412
-10.110001,-10.110001,15.167435,20.19043,39.202065
-10.040009,-10.040009,18.212784,23.454773,43.42117
-10.040009,-10.040009,19.72673,23.380707,44.324703
-10.080002,-10.080002,20.860016,23.44838,45.163654
-10.080002,-10.080002,20.632523,21.601181,43.731445
-9.029999,-9.029999,18.904938,18.042633,38.646557
-9.029999,-9.029999,16.447174,14.482147,34.51387
-6.76001,-6.76001,12.439072,9.0203705,24.80205
-6.76001,-6.76001,8.621689,5.153961,19.432907
-2.7600098,-2.7600098,5.02446,2.1113434,9.180955
-2.7600098,-2.7600098,2.4462433,0.82873535,6.3219843
2.5099945,2.5099945,0.4109497,-0.19354248,3.422339
2.5099945,2.5099945,-0.57785034,-0.20040894,4.107943
8.839996,8.839996,-1.2541962,-0.6810608,13.848786
8.839996,8.839996,-1.2427673,-0.5851898,13.774487
19.34999,19.34999,-1.4171753,-1.4548035,29.130314
19.34999,19.34999,-1.3011322,-1.6532745,29.195532
39.930008,39.930008,-2.2362823,-3.940567,58.471626
39.930008,39.930008,-2.9446106,-5.207062,59.9076
50.36,50.36,-4.9035034,-8.618622,75.876785
50.36,50.36,-6.4033966,-10.225006,78.02915
60.20999,60.20999,-8.212296,-12.320847,90.38289
60.20999,60.20999,-9.257614,-12.850769,91.325455
70.30998,70.30998,-10.680862,-14.3341675,100.48525
70.30998,70.30998,-11.301788,-14.522308,100.866066
78.850006,78.850006,-11.695999,-14.535233,104.36047
78.850006,78.850006,-11.420654,-13.69783,103.486664
85.94,85.94,-10.947693,-12.862869,103.316925
85.94,85.94,-10.12059,-11.859512,102.257904
98.619995,98.619995,-9.209259,-10.798325,98.057
98.619995,98.619995,-8.233917,-9.850845,97.25796
105.869995,105.869995,-7.2908783,-9.018372,92.55349
105.869995,105.869995,-6.5187073,-8.3871765,92.13533
113.70001,113.70001,-6.0209503,-7.914871,85.91193
113.70001,113.70001,-5.68808,-7.6883087,85.815346
120.41,120.41,-4.8250275,-6.265579,78.6871
120.41,120.41,-4.1571198,-5.1605988,77.96804
126.619995,126.619995,-2.205017,-1.9020233,69.6881
126.619995,126.619995,-0.5432129,0.2459259,68.66729
132.23001,132.23001,3.1922607,6.16539,59.97414
132.23001,132.23001,6.1756287,9.47142,59.20122
137.47998,137.47998,11.398773,16.581848,52.490593
137.47998,137.47998,15.240829,20.00795,53.080715
139.87,139.87,21.391113,27.755157,51.480213
139.87,139.87,25.584824,30.795853,53.122833
140.41998,140.41998,34.364227,42.844788,53.87373
140.41998,140.41998,40.74411,48.159607,55.868397
141.18,141.18,57.346405,72.24667,55.14482
141.18,141.18,70.47237,83.7843,53.46454
144.19,144.19,84.77075,95.10565,51.7208
144.19,144.19,93.27084,94.89761,51.19951
145.75998,145.75998,102.062836,98.08508,50.123837
145.75998,145.75998,105.5466,94.18143,52.613102
152.01999,152.01999,110.414795,96.94757,56.934765
152.01999,152.01999,111.32788,94.445465,58.69104
153.12,153.12,113.94061,98.059296,57.00311
153.12,153.12,113.672424,96.867035,57.911156
153.80002,153.80002,115.040436,100.05701,56.15814
153.80002,153.80002,114.22742,98.908264,57.09281
153.78998,153.78998,119.31265,108.46838,49.216286
153.78998,153.78998,122.59668,111.44321,46.238167
154.62,154.62,127.79956,116.14639,42.262997
154.62,154.62,130.39206,114.94766,42.59617
153.84,153.84,134.95035,118.3439,37.701706
153.84,153.84,136.90204,117.06705,38.436546
153.75,153.75,140.13538,119.622986,35.379086
153.75,153.75,140.96313,118.43579,36.3508
152.48001,152.48001,143.17825,121.009766,32.123535
152.48001,152.48001,143.36743,120.17572,32.902557
151.47,151.47,144.91074,122.63956,29.196865
151.47,151.47,144.76755,122.01059,29.828114
150.44998,150.44998,146.1055,124.41092,26.222836
150.44998,150.44998,145.99487,123.899475,26.737816
149.71002,149.71002,145.84744,123.81842,26.034456
149.71002,149.71002,144.32394,122.15216,27.808067
149.14001,149.14001,141.9877,120.26196,29.27492
149.14001,149.14001,138.75964,118.21402,31.65869
147.48999,147.48999,135.36877,117.18787,31.263826
147.48999,147.48999,131.84451,116.33435,32.658215
145.51001,145.51001,130.13315,118.621735,28.627104
145.51001,145.51001,128.7138,119.60712,28.095516
142.91,142.91,128.16803,120.91583,23.97387
142.91,142.91,127.48416,120.822876,24.232271
136.67001,136.67001,130.50989,125.96588,11.440087
136.67001,136.67001,133.1813,127.90152,9.074456
128.0,128.0,135.43225,128.05011,4.5765853
128.0,128.0,136.43835,126.5741,5.3035603
103.54001,103.54001,136.63608,125.189026,24.828154
103.54001,103.54001,135.73895,123.65839,23.215738
91.19,91.19,134.12225,122.3736,31.511612
91.19,91.19,131.99078,121.48923,30.597282
80.82001,80.82001,130.21866,121.79181,38.33634
80.82001,80.82001,128.3873,122.07028,38.79524
72.95999,72.95999,126.07742,121.09534,43.290684
72.95999,72.95999,123.85098,120.39841,43.018967
63.660004,63.660004,121.88736,120.170166,48.900925
63.660004,63.660004,120.33966,120.09259,49.218193
54.899994,54.899994,118.23605,118.780945,53.640778
54.899994,54.899994,116.45041,118.12225,53.669167
44.600006,44.600006,114.53647,117.144104,59.111
44.600006,44.600006,113.06714,116.8714,59.45501
39.54001,39.54001,111.332825,116.19772,62.299797
39.54001,39.54001,109.983,116.14642,62.760235
33.53,33.53,108.65259,115.733185,66.12982
33.53,33.53,107.74771,115.775696,66.49535
26.800003,26.800003,106.90222,115.35687,70.0175
26.800003,26.800003,106.36163,115.326904,70.22298
20.590012,20.590012,105.17056,114.06589,73.437805
20.590012,20.590012,104.18829,113.61755,73.71558
13.360001,13.360001,102.359406,111.785126,77.97954
13.360001,13.360001,100.8486,111.23102,78.466125
-1.8399963,-1.8399963,98.23871,108.938446,88.48737
-1.8399963,-1.8399963,96.20944,108.322205,89.22558
-6.7299957,-6.7299957,90.911255,102.63605,94.90273
-6.7299957,-6.7299957,86.51758,100.11035,96.055664
-9.110001,-9.110001,77.709076,91.3129,99.180435
-9.110001,-9.110001,70.58789,88.08676,98.76295
-9.440002,-9.440002,49.41841,62.10678,84.623375
-8.559998,-8.559998,31.361847,49.01001,67.35075
-8.559998,-8.559998,11.186981,34.15538,46.637527
-7.180008,-7.180008,-1.3777618,32.15338,39.72081
-7.180008,-7.180008,-12.823013,26.403168,34.026676
-5.3899994,-5.3899994,-16.844574,28.546936,35.68524
-3.3899994,-3.3899994,-19.535553,25.820923,33.13474
-3.3899994,-3.3899994,-17.100372,27.890808,33.953312
-1.6300049,-1.6300049,-16.917007,21.613419,27.63075
-1.6300049,-1.6300049,-13.754395,20.189056,24.846731
0.02999878,0.02999878,-14.006805,11.994415,18.365019
0.02999878,0.02999878,-12.235992,9.716934,15.58322
2.0299988,2.0299988,-15.141266,-0.44348145,17.345533
3.7799988,3.7799988,-15.894882,-3.8557587,21.091013
